time_stamp,humidity,temperature,pressure,pm2.5_alt,pm10.0_atm
2021-06-18T00:00:00Z,24.044,84.706,861.713,71.6,127.8655
2021-06-19T00:00:00Z,22.075,89.91,862.067,1.9,2.6959999999999997
2021-06-20T00:00:00Z,18.901,90.876,861.733,1.3,1.2635
2021-06-21T00:00:00Z,18.057,87.089,864.299,14,22.717
2021-10-07T00:00:00Z,44.799,56.219,904.248,6.8,12.2585
2021-10-08T00:00:00Z,43.929,59.036,904.322,16.1,30.0815
2021-10-09T00:00:00Z,45.607,58.95,904.926,23.3,41.935
2021-10-10T00:00:00Z,43.908,60.858,903.367,29.4,50.458
2021-10-11T00:00:00Z,41.035,62.5,901.135,24.5,44.542
2021-10-12T00:00:00Z,36.946,64.459,898.044,21.2,39.230500000000006
2021-10-13T00:00:00Z,36.646,66.418,897.883,25.7,46.471999999999994
2021-10-14T00:00:00Z,32.878,68.662,902.366,18.6,35.084
2021-10-15T00:00:00Z,40.742,66.598,902.152,23.3,41.783500000000004
2021-10-16T00:00:00Z,39.028,68.011,897.082,29.1,49.5435
2021-10-17T00:00:00Z,35.511,67.669,893.388,26.7,47.649
2021-10-18T00:00:00Z,43.9,59.133,893.721,18.3,35.953
2021-10-19T00:00:00Z,37.41,64.574,898.89,6.4,11.582
2021-10-20T00:00:00Z,35.428,59.238,902.526,8.7,16.8255
2021-10-21T00:00:00Z,38.244,55.376,906.995,16.5,32.292
2021-10-22T00:00:00Z,37.43,56.838,904.985,20.6,38.221500000000006
2021-10-23T00:00:00Z,34.222,58.658,901.038,26,45.4215
2021-10-24T00:00:00Z,31.708,58.638,898.833,26,45.685
2021-10-25T00:00:00Z,32.919,56.511,899.876,13,25.5955
2021-10-26T00:00:00Z,30.909,49.818,905.555,15.8,32.266
2021-10-27T00:00:00Z,31.855,48.751,906.323,27.3,52.5315
2021-10-28T00:00:00Z,29.967,51.264,903.323,34.3,62.423
2021-10-29T00:00:00Z,43.962,54.306,903.027,50.8,76.48
2021-10-30T00:00:00Z,58.86,56.589,908.032,71,96.044
2021-10-31T00:00:00Z,65.438,58.304,908.243,64.7,88.0505
2021-11-01T00:00:00Z,63.576,59.524,905.258,67.4,91.633
2021-11-02T00:00:00Z,61.694,62.341,900.873,66.8,89.2485
2021-11-03T00:00:00Z,61.704,63.111,900.837,52.5,74.3035
2021-11-04T00:00:00Z,49.451,62.107,905.198,20.4,36.812
2021-11-05T00:00:00Z,50.126,59.902,906.991,19.2,36.045500000000004
2021-11-06T00:00:00Z,50.145,56.812,904.89,31.3,52.84
2021-11-07T00:00:00Z,48.013,54.8,902.666,45.5,72.6785
2021-11-08T00:00:00Z,43.182,55.242,903.883,39.4,66.299
2021-11-09T00:00:00Z,42.896,54.881,903.633,49.3,79.315
2021-11-10T00:00:00Z,43.574,55.259,899.556,46.1,69.2235
2021-11-11T00:00:00Z,54.943,49.792,904.784,16.5,33.1455
2021-11-12T00:00:00Z,50.694,49.485,904.833,37.8,65.4105
2021-11-13T00:00:00Z,51.749,47.765,906.4,64.3,103.8805
2021-11-14T00:00:00Z,50.935,48.63,906.431,78.5,122.681
2021-11-15T00:00:00Z,51.529,49.207,900.326,94.8,146.064
2021-11-16T00:00:00Z,37.388,53.487,902.23,26.6,48.4865
2021-11-17T00:00:00Z,45.589,47.383,905.198,41,75.0205
2021-11-18T00:00:00Z,46.174,46.761,903.179,65.9,108.93
2021-11-19T00:00:00Z,47.603,47.05,898.078,87.5,139.95049999999998
2021-11-20T00:00:00Z,49.045,49.019,895.329,107.4,163.676
2021-11-21T00:00:00Z,49.099,49.845,898.866,76.5,119.52350000000001
2021-11-22T00:00:00Z,47.128,48.818,902.336,67.7,107.393
2021-11-23T00:00:00Z,47.309,48.968,901.465,67.9,107.0455
2021-11-24T00:00:00Z,46.949,52.146,898.335,48.2,77.2475
2021-11-25T00:00:00Z,58.374,51.061,901.697,24,44.562
2021-11-26T00:00:00Z,64.536,49.111,902.741,49.5,81.0515
2021-11-27T00:00:00Z,65.046,48.16,903.771,73,115.32499999999999
2021-11-28T00:00:00Z,65.619,49.113,901.724,65.9,110.1445
2021-11-29T00:00:00Z,65.1,49.825,903.477,86.7,143.1575
2021-11-30T00:00:00Z,66.967,48.183,897.493,73.5,127.13499999999999
2021-12-01T00:00:00Z,58.142,50.164,887.969,38.4,64.318
2021-12-02T00:00:00Z,47.622,44.153,898.067,20.6,45.1635
2021-12-03T00:00:00Z,45.409,40.788,904.62,37,70.6985
2021-12-04T00:00:00Z,48.654,39.775,903.105,65.3,116.298
2021-12-05T00:00:00Z,48.937,41.169,899.831,80.2,138.1185
2021-12-06T00:00:00Z,48.654,42.529,904.453,77.7,131.63400000000001
2021-12-07T00:00:00Z,47.997,44.176,905.274,85.7,141.597
2021-12-08T00:00:00Z,47.536,48.64,898.007,116.7,179.1775
2021-12-09T00:00:00Z,54.806,48.881,899.588,55.8,89.3225
2021-12-10T00:00:00Z,51.118,48.107,905.384,60,97.16550000000001
2021-12-11T00:00:00Z,49.914,44.209,907.38,60.7,103.01249999999999
2021-12-12T00:00:00Z,50.107,43.215,908.635,74.9,128.20850000000002
2021-12-13T00:00:00Z,50.475,42.008,907.153,83.8,144.825
2021-12-14T00:00:00Z,51.031,42.332,904.222,108.3,184.839
2021-12-15T00:00:00Z,52.557,42.419,902.758,126.5,218.495
2021-12-16T00:00:00Z,55.513,36.954,903.083,79.3,148.3975
2021-12-17T00:00:00Z,56.831,48.024,894.604,126.2,202.983
2021-12-18T00:00:00Z,61.938,47.845,893.752,91.9,148.3245
2021-12-19T00:00:00Z,51.81,49.619,894.81,48.8,80.54849999999999
2021-12-20T00:00:00Z,38.8,51.303,890.18,21,41.944500000000005
2021-12-21T00:00:00Z,54.844,46.389,889.392,16.2,33.1965
2021-12-22T00:00:00Z,36.908,36.87,896.989,13.6,34.179
2021-12-23T00:00:00Z,41.157,34.642,898.191,30.6,66.25
2021-12-24T00:00:00Z,40.816,30.548,898.884,30.7,76.2195
2021-12-25T00:00:00Z,43.347,31.79,903.745,46.4,99.504
2021-12-26T00:00:00Z,42.736,33.527,905.381,65.1,128.594
2021-12-27T00:00:00Z,44.239,33.617,905.276,75.9,146.99450000000002
2021-12-28T00:00:00Z,45.526,33.357,903.418,87.4,171.7615
2021-12-29T00:00:00Z,45.991,32.459,900.823,96.8,195.003
2021-12-30T00:00:00Z,46.667,32.166,901.166,111,225.725
2021-12-31T00:00:00Z,46.35,32.065,902.343,111.3,227.7015
2022-01-01T00:00:00Z,47.418,34.538,899.935,126.2,253.36649999999997
2022-01-02T00:00:00Z,56.979,35.849,894.154,144.8,290.779
2022-01-03T00:00:00Z,49.185,37.458,895.639,47.5,99.3365
2022-01-04T00:00:00Z,49.056,39.6,895.183,36.6,74.911
2022-01-05T00:00:00Z,51.412,39.832,900.827,47.5,88.27199999999999
2022-01-06T00:00:00Z,46.189,39.567,903.482,54.7,98.973
2022-01-07T00:00:00Z,47.171,38.936,902.113,71.9,129.36950000000002
2022-01-08T00:00:00Z,46.603,39.642,903.057,75.4,132.71699999999998
2022-01-09T00:00:00Z,47.329,39.387,901.66,72.8,130.766
2022-01-10T00:00:00Z,54.343,41.281,898.002,125.8,219.8345
2022-01-11T00:00:00Z,58.2,43.394,900.457,87.6,152.04899999999998
2022-01-12T00:00:00Z,58.666,43.603,900.317,79.1,139.34
2022-01-13T00:00:00Z,63.842,42.306,893.385,91.4,161.52800000000002
2022-01-14T00:00:00Z,45.551,34.196,892.468,13.4,36.497
2022-01-15T00:00:00Z,43.578,33.86,885.517,27.6,64.6305
2022-01-16T00:00:00Z,37.096,33.264,892.723,17.9,46.661
2022-01-17T00:00:00Z,35.61,28.077,898.306,20.3,56.568
2022-01-18T00:00:00Z,40.101,28.726,898.727,37,83.0925
2022-01-19T00:00:00Z,50.23,34.66,893.699,42.4,87.9705
2022-01-20T00:00:00Z,49.635,31.961,894.756,29.4,71
2022-01-21T00:00:00Z,41.91,28.298,903.391,23.7,61.545
2022-01-22T00:00:00Z,44.702,27.96,901.582,53.7,111.3475
2022-01-23T00:00:00Z,45.311,29.086,897.834,69.2,138.18200000000002
2022-01-24T00:00:00Z,41.854,36.619,898.62,95.3,173.10250000000002
2022-01-25T00:00:00Z,46.433,38.13,899.909,96.8,171.65449999999998
2022-01-26T00:00:00Z,47.519,38.761,896.845,63.4,114.5635
2022-01-27T00:00:00Z,50.29,41.104,892.51,30.5,59.692499999999995
2022-01-28T00:00:00Z,38.627,39.141,898.229,20.1,46.192
2022-01-29T00:00:00Z,44.281,36.667,900.449,34.3,73.85
2022-01-30T00:00:00Z,42.699,38.663,898.585,48.6,90.555
2022-01-31T00:00:00Z,41.598,43.241,895.957,39.1,75.1385
2022-02-01T00:00:00Z,41.811,42.995,898.586,38.8,74.87049999999999
2022-02-02T00:00:00Z,41.02,45.499,902.452,36.7,69.652
2022-02-03T00:00:00Z,42.251,45.111,897.843,44,78.3195
2022-02-04T00:00:00Z,61.41,44.738,889.732,60.4,99.70500000000001
2022-02-05T00:00:00Z,37.2,37.961,893.154,14,30.555
2022-02-06T00:00:00Z,34.567,38.118,898.833,14.8,35.156000000000006
2022-02-07T00:00:00Z,37.197,39.854,899.89,25,54.0635
2022-02-08T00:00:00Z,36.372,42.558,899.602,34.1,65.7765
2022-02-09T00:00:00Z,39.036,49.176,896.708,43,74.5065
2022-02-10T00:00:00Z,56.504,46.923,896.177,45.8,79.1455
2022-02-11T00:00:00Z,55.451,44.978,902.701,39.8,72.4495
2022-02-12T00:00:00Z,49.283,42.559,905.492,51.2,92.0225
2022-02-13T00:00:00Z,43.896,43.194,904.474,51.3,89.758
2022-02-14T00:00:00Z,38.818,47.128,901.435,34.4,64.583
2022-02-15T00:00:00Z,44.314,47.274,901.266,46.7,80.904
2022-02-16T00:00:00Z,46.267,44.454,901.26,42.1,78.8955
2022-02-17T00:00:00Z,46.699,38.711,895.654,50.6,95.0435
2022-02-18T00:00:00Z,43.397,43.669,894.553,66.6,112.331
2022-02-19T00:00:00Z,42.469,46.592,899.51,57.4,94.018
2022-02-20T00:00:00Z,37.425,47.838,898.293,41.8,74.138
2022-02-21T00:00:00Z,37.13,49.686,895.875,42.4,72.5175
2022-02-22T00:00:00Z,39.995,50.798,897.07,38.2,68.33449999999999
2022-02-23T00:00:00Z,42.51,50.156,899.729,35.6,65.3385
2022-02-24T00:00:00Z,38.74,52.921,900.86,25.3,50.7175
2022-02-25T00:00:00Z,38.443,57.084,892.639,20.9,38.9615
2022-02-26T00:00:00Z,39.67,55.336,893.731,14.4,28.347
2022-02-27T00:00:00Z,35.865,53.882,900.077,17.3,34.4215
2022-02-28T00:00:00Z,33.993,54.278,900.274,28.8,50.0895
2022-03-01T00:00:00Z,43.107,54.649,898.541,30.9,56.438
2022-03-02T00:00:00Z,59.531,53.822,896.688,33.1,57.6265
2022-03-03T00:00:00Z,51.207,56.54,884.81,17.2,31.764499999999998
2022-03-04T00:00:00Z,38.35,46.615,887.568,4,7.969
2022-03-05T00:00:00Z,32.715,45.777,894.02,11.9,24.817
2022-03-06T00:00:00Z,38.053,45.957,893.825,17.2,35.9655
2022-03-07T00:00:00Z,35.779,44.475,892.807,24.8,50.179
2022-03-08T00:00:00Z,38.349,49.487,890.126,30.1,57.7235
2022-03-09T00:00:00Z,54.215,50.688,885.773,24.3,45.248999999999995
2022-03-10T00:00:00Z,52.222,49.5,885.927,12.9,26.03
2022-03-11T00:00:00Z,47.23,50.912,883.383,7.7,14.371500000000001
2022-03-12T00:00:00Z,38.157,43.276,893.595,7,14.837
2022-03-13T00:00:00Z,34.763,42.504,895.856,14.4,33.1105
2022-03-14T00:00:00Z,55.776,38.467,899.033,24,53.269000000000005
2022-03-15T00:00:00Z,52.732,38.572,898.36,15.9,36.964
2022-03-16T00:00:00Z,47.417,32.233,897.895,5,11.81
2022-03-17T00:00:00Z,44.396,39.5,899.619,13.2,31.945500000000003
2022-03-18T00:00:00Z,47.579,42.521,899.104,15.1,33.141
2022-03-19T00:00:00Z,53.39,43.717,896.551,16.6,35.916
2022-03-20T00:00:00Z,60.678,41.465,895.38,13.6,29.8415
2022-03-21T00:00:00Z,54.51,42.501,898.786,15.5,34.474000000000004
2022-03-22T00:00:00Z,48.55,45.253,899.114,22.4,45.715500000000006
2022-03-23T00:00:00Z,46.975,44.744,899.185,16.8,37.4555
2022-03-24T00:00:00Z,55.872,43.431,891.94,30.6,58.9925
2022-03-25T00:00:00Z,42.613,45.771,893.567,26.6,54.86750000000001
2022-03-26T00:00:00Z,35.288,45.875,898.515,25,51.6455
2022-03-27T00:00:00Z,34.979,45.74,900.268,26.2,54.872
2022-03-28T00:00:00Z,32.469,47.006,903.325,19.3,41.218
2022-03-29T00:00:00Z,32.576,49.328,904.746,23.4,46.057
2022-03-30T00:00:00Z,33.819,56.031,899.284,19.6,38.834
2022-03-31T00:00:00Z,32.407,58.436,901.823,21,41.5185
2022-04-01T00:00:00Z,31.464,58.672,903.055,32.8,57.1385
2022-04-02T00:00:00Z,27.33,62.345,899.141,30.5,55.165499999999994
2022-04-03T00:00:00Z,22.772,68.511,894.801,16.9,34.974000000000004
2022-04-04T00:00:00Z,23.186,66.497,895.293,11.6,25.087
2022-04-05T00:00:00Z,26.799,64.944,897.047,16,33.9485
2022-04-06T00:00:00Z,34.901,64.93,894.799,9.8,23.3955
2022-04-07T00:00:00Z,56.376,58.906,893.324,10.6,22.0385
2022-04-08T00:00:00Z,62.246,56.394,891.084,30.1,52.804
2022-04-09T00:00:00Z,46.658,60.171,894.31,11.6,21.7925
2022-04-10T00:00:00Z,39.601,61.507,896.908,16.6,31.092
2022-04-11T00:00:00Z,34.899,65.989,891.56,15.9,31.5755
2022-04-12T00:00:00Z,29.931,63.05,885.558,7,15.6845
2022-04-13T00:00:00Z,36.564,52.958,891.733,9.2,18.203
2022-04-14T00:00:00Z,28.792,50.703,897.869,11.9,25.109
2022-04-15T00:00:00Z,29.539,56.543,897.488,10.8,21.67
2022-04-16T00:00:00Z,31.603,60.543,896.447,11.4,21.647
2022-04-17T00:00:00Z,30.343,62.661,898.223,18.8,35.0495
2022-04-18T00:00:00Z,26.118,67.83,897.645,18.2,35.2255
2022-04-19T00:00:00Z,26.272,70.319,894.386,21.9,44.111999999999995
2022-04-20T00:00:00Z,44.883,64.004,893.524,16.4,35.489999999999995
2022-04-21T00:00:00Z,32.92,68.867,893.7,19.3,40.8935
2022-04-22T00:00:00Z,29.351,68.056,896.311,11.7,22.369
2022-04-23T00:00:00Z,24.915,68.985,896.191,13.4,25.576
2022-04-24T00:00:00Z,24.744,73.646,894.67,10.6,21.2985
2022-04-25T00:00:00Z,29.872,73.329,895.376,14.1,26.810000000000002
2022-04-26T00:00:00Z,29.589,74.178,894.633,15.1,29.432000000000002
2022-04-27T00:00:00Z,28.643,74.817,893.903,12.8,24.512
2022-04-28T00:00:00Z,38.089,73.141,896.212,13.3,25.3165
2022-04-29T00:00:00Z,45.893,70.647,897.09,17.3,31.509999999999998
2022-04-30T00:00:00Z,37.274,71.464,894.516,16.1,29.5175
2022-05-01T00:00:00Z,42.528,69.639,890.942,12.4,22.5815
2022-05-02T00:00:00Z,61.185,62.154,892.91,10.8,19.473
2022-05-03T00:00:00Z,49.367,66.342,893.526,10.7,19.432000000000002
2022-05-04T00:00:00Z,42.322,70.1,892.192,8.3,15.4935
2022-05-05T00:00:00Z,48.356,65.587,889.306,7.4,14.589500000000001
2022-05-06T00:00:00Z,50.986,61.105,891.558,8.2,15.088000000000001
2022-05-07T00:00:00Z,47.362,62.376,891.852,6.7,13.4815
2022-05-08T00:00:00Z,54.313,59.897,895.161,7.5,13.133500000000002
2022-05-09T00:00:00Z,42.517,62.307,895.503,5.3,9.6135
2022-05-10T00:00:00Z,43.189,62.196,896.003,6.2,10.538499999999999
2022-05-11T00:00:00Z,37.055,64.805,896.268,5.6,10.068999999999999
2022-05-12T00:00:00Z,42.974,61.304,899.304,6.8,12.211
2022-05-13T00:00:00Z,39.414,65.382,902.697,16.9,30.639499999999998
2022-05-14T00:00:00Z,32.456,70.773,899.285,11.9,22.172
2022-05-15T00:00:00Z,36.96,73.006,896.303,10.1,19.067
2022-05-16T00:00:00Z,50.891,64.039,895.49,10.8,20.0605
2022-05-17T00:00:00Z,37.286,67.74,896.106,10.2,18.6515
2022-05-18T00:00:00Z,35.943,72.304,895.852,12.5,22.614
2022-05-19T00:00:00Z,33.985,75.532,895.432,8.6,15.588000000000001
2022-05-20T00:00:00Z,47.204,62.588,896.828,6.1,10.920000000000002
2022-05-21T00:00:00Z,33.933,63.128,900.823,7.9,14.4185
2022-05-22T00:00:00Z,26.956,73.768,892.75,9.1,16.799
2022-05-23T00:00:00Z,38.389,70.42,883.627,9.3,20.227
2022-05-24T00:00:00Z,46.33,64.103,891.268,5.9,10.1675
2022-05-25T00:00:00Z,36.627,65.008,898.238,3.7,6.068
2022-05-26T00:00:00Z,30.369,68.15,899.797,5.4,9.492
2022-05-27T00:00:00Z,29.656,73.824,898.146,6.2,11.096499999999999
2022-05-28T00:00:00Z,30.361,78.089,896.555,9.7,17.599
2022-05-29T00:00:00Z,28.913,80.081,897.461,11.1,19.793999999999997
2022-05-30T00:00:00Z,28.318,80.943,898.045,11.8,21.2935
2022-05-31T00:00:00Z,27.853,82.738,896.944,12.1,21.8795
2022-06-01T00:00:00Z,31.236,80.42,897.906,9.2,16.3615
2022-06-02T00:00:00Z,30.436,82.29,899.97,7.8,14.256
2022-06-03T00:00:00Z,29.899,83.542,899.626,12.6,24.740000000000002
2022-06-04T00:00:00Z,24.143,87.32,896.648,10.8,21.383000000000003
2022-06-05T00:00:00Z,22.178,87.179,893.059,11.3,21.630499999999998
2022-06-06T00:00:00Z,17.911,88.514,890.283,6.7,12.442
2022-06-07T00:00:00Z,26.327,85.674,889.638,10.3,19.4795
2022-06-08T00:00:00Z,29.603,84.595,891.654,11.1,20.607
2022-06-09T00:00:00Z,33.613,81.835,891.721,9.2,16.561999999999998
2022-06-10T00:00:00Z,33.041,81.155,893.923,7.2,12.6355
2022-06-11T00:00:00Z,34.478,79.653,894.624,6.3,10.66
2022-06-12T00:00:00Z,43.192,75.986,891.77,8.8,16.012500000000003
2022-06-13T00:00:00Z,40.344,78.643,888.047,11.1,20.733
2022-06-14T00:00:00Z,44.229,74.429,892.865,9,16.653
2022-06-15T00:00:00Z,33.569,79.912,894.589,9.3,16.679499999999997
2022-06-16T00:00:00Z,41.709,75.675,896.427,8.8,16.1195
2022-06-17T00:00:00Z,32.012,85.606,894.707,8.5,15.151
2022-06-18T00:00:00Z,34.322,84.142,893.879,9.3,16.2285
2022-06-19T00:00:00Z,32.831,85.69,894.462,10.2,18.2905
2022-06-20T00:00:00Z,34.624,85.987,892.872,9.6,16.9735
2022-06-21T00:00:00Z,36.631,83.657,885,12,21.5195
2022-06-22T00:00:00Z,31.451,82.756,883.685,9.2,16.538
2022-06-23T00:00:00Z,31.99,80.767,890.079,6.1,10.706
2022-06-24T00:00:00Z,33.626,80.444,891.018,8.6,15.793
2022-06-25T00:00:00Z,39.663,78.425,890.379,11,20.0595
2022-06-26T00:00:00Z,52.939,74.299,890.377,16.4,30.863500000000002
2022-06-27T00:00:00Z,38.397,80.767,890.838,15,28.3095
2022-06-28T00:00:00Z,31.374,84.903,890.671,12.9,24.302500000000002
2022-06-29T00:00:00Z,31.822,86.133,891.823,10.8,20.302999999999997
2022-06-30T00:00:00Z,33.874,85.749,891.725,11.1,20.134
2022-07-01T00:00:00Z,31.999,85.646,890.233,8.9,16.1425
2022-07-02T00:00:00Z,32.126,82.308,890.927,7.7,13.5235
2022-07-03T00:00:00Z,27.595,78.544,893.663,7.6,13.3615
2022-07-04T00:00:00Z,31.05,77.871,895.257,9.5,16.911
2022-07-05T00:00:00Z,29.651,79.586,895.142,9.3,16.7385
2022-07-06T00:00:00Z,27.121,81.697,894.584,8.9,16.123
2022-07-07T00:00:00Z,30.082,82.079,893.517,10.4,19.0045
2022-07-08T00:00:00Z,30.818,84.261,892.67,11.6,21.121
2022-07-09T00:00:00Z,30.111,87.067,890.454,12.8,23.0225
2022-07-10T00:00:00Z,26.861,89.45,887.584,9.6,17.82
2022-07-11T00:00:00Z,24.863,90.282,889.113,8.1,15.773
2022-07-12T00:00:00Z,27.229,90.122,893.125,8.9,17.0045
2022-07-13T00:00:00Z,24.203,89.558,891.239,7.3,14.7225
2022-07-14T00:00:00Z,26.17,89.029,890.79,8.2,16.1135
2022-07-15T00:00:00Z,25.969,90.595,893.022,8.2,15.5645
2022-07-16T00:00:00Z,25.753,92.118,891.327,9.3,17.46
2022-07-17T00:00:00Z,23.878,93.603,891.076,8.7,16.3155
2022-07-18T00:00:00Z,26.652,87.93,891.823,8.3,15.502500000000001
2022-07-19T00:00:00Z,23.887,93.282,892.065,10.4,19.6015
2022-07-20T00:00:00Z,28.371,91.5,890.188,10.5,19.884500000000003
2022-07-21T00:00:00Z,32.139,88.947,888.189,11.1,20.698
2022-07-22T00:00:00Z,29.973,89.307,890.302,8.5,15.5025
2022-07-23T00:00:00Z,30.52,82.82,891.987,6.5,11.436
2022-07-24T00:00:00Z,29.076,78.733,891.517,7.1,11.924
2022-07-25T00:00:00Z,29.646,81.279,892.068,7.4,12.9895
2022-07-26T00:00:00Z,31.775,84.807,890.638,11.4,20.447499999999998
2022-07-27T00:00:00Z,33.38,85.805,890.787,13.7,25.301000000000002
2022-07-28T00:00:00Z,31.65,88.202,893.42,13.3,24.2885
2022-07-29T00:00:00Z,33.139,88.861,894.205,14.1,25.639000000000003
2022-07-30T00:00:00Z,31.717,88.918,893.187,10.9,19.7105
2022-07-31T00:00:00Z,28.648,89.432,890.552,12.3,21.1785
2022-08-01T00:00:00Z,30.033,90.152,890.193,13.1,23.6345
2022-08-02T00:00:00Z,29.538,91.871,890.561,14.1,25.7455
2022-08-03T00:00:00Z,28.985,91.272,891.818,12.4,22.4195
2022-08-04T00:00:00Z,28.643,90.397,894.206,11.9,21.328
2022-08-05T00:00:00Z,30.315,90.283,891.758,13.9,25.5235
2022-08-06T00:00:00Z,31.096,86.871,890.208,11.2,19.7825
2022-08-07T00:00:00Z,34.575,85.35,888.561,9.2,16.1695
2022-08-08T00:00:00Z,35.716,84.532,892.234,8.4,14.510000000000002
2022-08-09T00:00:00Z,35.313,85.236,893.833,11.6,20.634
2022-08-10T00:00:00Z,35.257,84.887,891.902,9.7,17.235500000000002
2022-08-11T00:00:00Z,35.49,85.522,891.28,8.9,16.1385
2022-08-12T00:00:00Z,35.747,85.924,892.488,10.3,18.997999999999998
2022-08-13T00:00:00Z,31.091,86.846,891.561,10.8,20.2325
2022-08-14T00:00:00Z,26.385,89.16,889.43,10.2,19.304000000000002
2022-08-15T00:00:00Z,25.549,91.554,889.975,12.7,24.4555
2022-08-16T00:00:00Z,23.278,92.022,891.817,11.6,22.0295
2022-08-17T00:00:00Z,24.818,91.904,891.585,11.8,21.974
2022-08-18T00:00:00Z,23.96,91.188,890.297,9.8,18.4405
2022-08-19T00:00:00Z,20.454,89.953,890.131,10.5,20.447000000000003
2022-08-20T00:00:00Z,17.614,88.853,892.631,7.6,14.209499999999998
2022-08-21T00:00:00Z,24.385,85.961,893.542,7.5,15.086
2022-08-22T00:00:00Z,27.708,85.065,893.903,8.2,18.1655
2022-08-23T00:00:00Z,27.249,84.503,896.446,8.6,17.500999999999998
2022-08-24T00:00:00Z,24.267,83.926,897.58,6.2,11.8295
2022-08-25T00:00:00Z,23.856,84.211,895.775,7.6,13.985
2022-08-26T00:00:00Z,23.34,85.635,894.74,9.7,17.8525
2022-08-27T00:00:00Z,21.244,87.507,895.163,10,18.5455
2022-08-28T00:00:00Z,21.51,88.287,895.801,10.9,19.450000000000003
2022-08-29T00:00:00Z,20.811,87.918,896.345,8.6,15.75
2022-08-30T00:00:00Z,20.867,87.668,897.578,11.2,21.284
2022-08-31T00:00:00Z,19.137,88.153,895.885,13.9,26.1625
2022-09-01T00:00:00Z,16.922,90.277,894.882,17.1,31.8585
2022-09-02T00:00:00Z,17.036,92.083,896.55,16.3,30.846
2022-09-03T00:00:00Z,20.075,91.299,896.952,15.1,28.625
2022-09-04T00:00:00Z,20.636,90.167,893.727,15.3,28.6475
2022-09-05T00:00:00Z,28.233,85.556,891.662,12.7,23.984
2022-09-06T00:00:00Z,35.514,78.731,892.677,6.2,10.8305
2022-09-07T00:00:00Z,39.461,71.806,895.892,5,8.52
2022-09-08T00:00:00Z,33.438,74.686,897.51,7.3,12.893
2022-09-09T00:00:00Z,31.698,75.547,897.939,8,14.167
2022-09-10T00:00:00Z,30.994,75.875,897.68,9.1,16.0255
2022-09-11T00:00:00Z,35.389,76.135,895.692,12.2,21.707500000000003
2022-09-12T00:00:00Z,32.629,77.907,891.652,12.8,23.9385
2022-09-13T00:00:00Z,25.494,81.347,888.033,13.8,26.191499999999998
2022-09-14T00:00:00Z,26.215,78.71,892.184,8.1,14.605
2022-09-15T00:00:00Z,28.996,74.406,896.599,9.8,18.1415
2022-09-16T00:00:00Z,22.492,81.525,894.861,6.2,11.2285
2022-09-17T00:00:00Z,25.536,81.757,894.825,9.7,20.2265
2022-09-18T00:00:00Z,25.92,81.877,894.829,9.7,19.811999999999998
2022-09-19T00:00:00Z,25.336,83.2,892.883,11,22.1015
2022-09-20T00:00:00Z,24.088,82.417,893.318,14.6,27.67
2022-09-21T00:00:00Z,20.87,84.025,891.479,17.1,33.1165
2022-09-22T00:00:00Z,39.44,75.547,893.967,13.1,24.6045
2022-09-23T00:00:00Z,40.997,72.775,894.347,15.4,28.700000000000003
2022-09-24T00:00:00Z,32.507,74.239,895.3,9.9,17.872
2022-09-25T00:00:00Z,32.268,66.911,900.573,5.4,9.0465
2022-09-26T00:00:00Z,32.265,67.101,901.242,9.3,17.567
2022-09-27T00:00:00Z,29.954,70.201,897.313,12.8,24.865499999999997
2022-09-28T00:00:00Z,25.221,73.322,893.846,15.2,29.5445
2022-09-29T00:00:00Z,22.57,76.303,894.284,15.5,28.488
2022-09-30T00:00:00Z,26.915,77.233,898.836,11.3,20.5835
2022-10-01T00:00:00Z,30.525,76.253,900.871,11.5,21.323
2022-10-02T00:00:00Z,31.585,73.712,895.888,16.6,31.4835
2022-10-03T00:00:00Z,28.847,74.724,892.973,19.1,36.21
2022-10-04T00:00:00Z,25.816,76.127,897.935,27.7,49.480999999999995
2022-10-05T00:00:00Z,20.757,78.394,900.663,21.1,40.929
2022-10-06T00:00:00Z,27.733,77.73,899.362,20.9,41.266
2022-10-07T00:00:00Z,36.246,74.837,900.809,20.9,41.4555
2022-10-08T00:00:00Z,37.004,73.912,899.249,19.9,38.332499999999996
2022-10-09T00:00:00Z,55.087,65.136,898.475,15.2,29.076
2022-10-10T00:00:00Z,48.269,66.148,899.377,12.2,23.002
2022-10-11T00:00:00Z,40.214,65.634,900.006,9.6,17.6055
2022-10-12T00:00:00Z,37.183,64.631,899.885,9.7,18.445500000000003
2022-10-13T00:00:00Z,36.743,66.376,899.101,11.9,22.544
2022-10-14T00:00:00Z,57.825,60.843,899.384,21.7,40.082499999999996
2022-10-15T00:00:00Z,56.261,65.228,898.449,37.6,61.1345
2022-10-16T00:00:00Z,51.186,67.42,901.837,39.6,61.4825
2022-10-17T00:00:00Z,50.35,67.239,905.621,34.8,57.959
2022-10-18T00:00:00Z,44.507,65.896,906.078,23.4,41.8145
2022-10-19T00:00:00Z,43.723,65.47,900.51,19.7,37.829499999999996
2022-10-20T00:00:00Z,37.783,71.195,893.193,31.4,55.139
2022-10-21T00:00:00Z,53.845,57.888,899.391,14,27.4585
2022-10-22T00:00:00Z,54.288,57.421,905.434,16.1,32.315
2022-10-23T00:00:00Z,51.73,58.194,903.472,22.6,43.71
2022-10-24T00:00:00Z,50.452,57.763,900.772,29.5,55.482
2022-10-25T00:00:00Z,44.537,56.647,902.221,21.5,44.009
2022-10-26T00:00:00Z,42.044,58.972,903.096,23,43.941500000000005
2022-10-27T00:00:00Z,40.995,61.639,901.443,30.1,55.2685
2022-10-28T00:00:00Z,39.278,59.315,901.723,19.4,38.5235
2022-10-29T00:00:00Z,35.994,55.589,902.681,13.9,28.632
2022-10-30T00:00:00Z,39.227,54.811,901.174,26.6,50.1095
2022-10-31T00:00:00Z,39.225,58.195,895.947,32.2,58.7125
2022-11-01T00:00:00Z,31.581,59.843,895.603,12.5,25.1555
2022-11-20T00:00:00Z,46.257,52.78,906.405,73.6,115.25
2022-11-21T00:00:00Z,42.895,54.808,903.903,52.8,84.872
2022-11-22T00:00:00Z,41.899,54.767,900.574,73.8,112.70599999999999
2022-11-23T00:00:00Z,37.304,55.483,900.51,54.4,86.47550000000001
2022-11-24T00:00:00Z,37.441,53.851,898.466,54.2,87.663
2022-11-25T00:00:00Z,46.234,56.233,894.199,54.5,84.298
2022-11-26T00:00:00Z,59.67,56.519,895.34,50.6,77.477
2022-11-27T00:00:00Z,51.192,53.536,899.969,15.9,32.995000000000005
2022-11-28T00:00:00Z,46.74,50.65,902.806,27.7,53.303
2022-11-29T00:00:00Z,48.483,51.636,903.876,43.4,74.62049999999999
2022-11-30T00:00:00Z,57.694,51.168,904.01,94.2,144.6535
2022-12-01T00:00:00Z,63.575,51.983,905.168,75.9,120.55600000000001
2022-12-02T00:00:00Z,56.78,51.922,902.879,27.3,55.7645
2022-12-03T00:00:00Z,58.889,51.968,902.028,41.2,70.5445
2022-12-04T00:00:00Z,53.125,48.517,905.532,15.8,36.341499999999996
2022-12-05T00:00:00Z,47.085,46.279,904.771,15.6,35.3625
2022-12-06T00:00:00Z,51.358,44.804,902.783,41.1,78.198
2022-12-07T00:00:00Z,53.174,46.152,902.28,51.5,90.04599999999999
2022-12-08T00:00:00Z,57.98,46.29,905.038,68.2,114.041
2022-12-09T00:00:00Z,52.38,45.464,905.291,57.7,99.77449999999999
2022-12-10T00:00:00Z,48.955,47.128,904.525,58,101.7615
2022-12-11T00:00:00Z,44.396,46.232,903.757,33,70.86099999999999
2022-12-12T00:00:00Z,47.689,46.368,899.355,43.6,83.6525
2022-12-13T00:00:00Z,61.158,46.162,897.092,70.6,123.29599999999999
2022-12-14T00:00:00Z,59.072,49.718,900.889,98.4,160.334
2022-12-15T00:00:00Z,58.665,50.822,902.33,135.9,211.88549999999998
2022-12-16T00:00:00Z,59.708,50.155,903.589,144.9,228.67399999999998
2022-12-17T00:00:00Z,61.511,46.617,907.371,112.1,196.54899999999998
2022-12-18T00:00:00Z,62.588,44.602,908.238,74.9,137.919
2022-12-19T00:00:00Z,62.349,41.52,905.242,55,110.25649999999999
2022-12-20T00:00:00Z,63.779,40.347,904.914,48.4,102.953
2022-12-21T00:00:00Z,59.396,43.682,904.263,52.8,100.8495
2022-12-22T00:00:00Z,56.649,43.645,902.913,76,134.3125
2022-12-23T00:00:00Z,51.518,44.647,900.248,90,155.9025
2022-12-24T00:00:00Z,48.57,45.185,895.572,79.8,137.4235
2022-12-25T00:00:00Z,50.829,44.171,897.897,87.9,155.1285
2022-12-26T00:00:00Z,49.382,40.924,900.95,71.7,135.1285
2022-12-27T00:00:00Z,47.697,39.646,903.424,68.8,131.26049999999998
2022-12-28T00:00:00Z,47.147,40.039,903.025,67.1,126.992
2022-12-29T00:00:00Z,45.792,41.18,906.024,60.6,114.21549999999999
2022-12-30T00:00:00Z,41.192,39.208,910.375,49.2,99.5885
2022-12-31T00:00:00Z,39.893,38.101,910.027,67.7,133.63299999999998
2023-01-01T00:00:00Z,38.664,37.372,911.911,59.6,118.6845
2023-01-02T00:00:00Z,37.765,37.699,912.256,65.6,129.1745
2023-01-03T00:00:00Z,38.971,38.711,910.457,79.8,151.991
2023-01-04T00:00:00Z,39.383,37.829,901.913,83.7,161.4595
2023-01-05T00:00:00Z,38.567,38.124,899.403,88,166.27800000000002
2023-01-06T00:00:00Z,40.382,40.691,897.766,77.8,142.92149999999998
2023-01-07T00:00:00Z,46.961,46.157,896.413,46.1,83.395
2023-01-08T00:00:00Z,39.539,43.961,897.982,16.3,36.416
2023-01-09T00:00:00Z,45.018,35.731,903.013,19.5,52.691
2023-01-10T00:00:00Z,43.322,33.694,907.754,24.5,61.1025
2023-01-11T00:00:00Z,43.796,36.633,910.918,31,71.87450000000001
2023-01-12T00:00:00Z,40.132,36.651,909.366,31.3,74.384
2023-01-13T00:00:00Z,43.224,35.808,905.851,61.6,121.566
2023-01-14T00:00:00Z,43.743,36.804,904.333,71.5,137.17000000000002
2023-01-15T00:00:00Z,43.399,39.144,902.686,82.9,154.3845
2023-01-16T00:00:00Z,44.98,39.021,902.037,89,165.96949999999998
2023-01-17T00:00:00Z,45.033,41.283,902.661,94.1,169.131
2023-01-18T00:00:00Z,44.532,40.876,903.871,86.7,157.8595
2023-01-19T00:00:00Z,43.05,41.56,906.34,77.4,141.6455
2023-01-20T00:00:00Z,43.143,41.813,905.368,81.9,149.666
2023-01-21T00:00:00Z,43.417,41.297,905.092,86.2,159.0765
2023-01-22T00:00:00Z,46.483,38.135,907.689,53,107.8235
2023-01-23T00:00:00Z,40.981,38.376,908.385,50.3,102.917
2023-01-24T00:00:00Z,40.429,35.852,907.901,46.5,100.8035
2023-01-25T00:00:00Z,40.647,34.63,904.554,51.7,110.30000000000001
2023-01-26T00:00:00Z,37.462,34.365,903.287,53.7,113.654
2023-01-27T00:00:00Z,36.246,34.678,902.299,62,125.16999999999999
2023-01-28T00:00:00Z,48.246,37.5,898.335,86,163.22500000000002
2023-01-29T00:00:00Z,60.521,39.535,894.619,117.1,219.167
2023-01-30T00:00:00Z,56.942,41.76,894.079,71.4,130.8845
2023-01-31T00:00:00Z,59.728,41.386,889.028,71.9,133.0615
2023-02-01T00:00:00Z,59.276,42.302,890.704,67.5,123.5835
2023-02-02T00:00:00Z,56.783,44.192,889.881,45.1,82.66149999999999
2023-02-03T00:00:00Z,44.255,38.159,897.867,11.6,29.8955
2023-02-04T00:00:00Z,41.91,36.504,897.25,21.7,53.411
2023-02-05T00:00:00Z,58.28,39.353,893.067,48.4,93.731
2023-02-06T00:00:00Z,52.486,46.811,887.932,47.4,83.255
2023-02-07T00:00:00Z,57.303,44.782,885.958,15,34.4895
2023-02-08T00:00:00Z,49.303,40.64,894.364,15.7,37.2945
2023-02-09T00:00:00Z,50.039,39.083,903.212,26.5,61.315
2023-02-10T00:00:00Z,43.138,37.604,907.028,26.7,63.307
2023-02-11T00:00:00Z,43.88,35.337,905.371,33.5,78.3315
2023-02-12T00:00:00Z,42.025,33.386,901.44,39.2,88.721
2023-02-13T00:00:00Z,36.763,32.762,901.772,29.1,70.733
2023-02-14T00:00:00Z,33.151,29.668,900.828,12.4,37.1625
2023-02-15T00:00:00Z,42.011,31.772,894.911,35.8,80.44749999999999
2023-02-17T00:00:00Z,31.833,34.542,904.718,24,63.5985
2023-02-18T00:00:00Z,31.752,37.139,902.898,31.3,69.458
2023-02-19T00:00:00Z,34.577,44.054,899.822,29.2,64.7995
2023-02-20T00:00:00Z,38.328,49.264,896.236,28.1,59.3695
2023-02-21T00:00:00Z,39.418,49.396,892.915,15.5,33.664500000000004
2023-02-22T00:00:00Z,31.816,50.426,893.94,14.3,31.015500000000003
2023-02-23T00:00:00Z,37.31,50.542,892.689,19,41.679
2023-02-24T00:00:00Z,29.371,42.792,900.875,9.6,24.104
2023-02-25T00:00:00Z,31.787,42.413,903.15,33.6,66.624
2023-02-26T00:00:00Z,35.815,47.559,905.536,49,85.345
2023-02-27T00:00:00Z,36.088,49.653,907.333,54.2,90.7065
2023-02-28T00:00:00Z,33.389,51.43,905.465,46.8,81.3775
2023-03-01T00:00:00Z,32.139,54.921,899.99,54.6,87.3215
2023-03-02T00:00:00Z,43.467,55.575,897.76,36.7,64.2295
2023-03-03T00:00:00Z,54.854,53.814,897.991,35.9,63.4125
2023-03-04T00:00:00Z,43.741,58.382,895.712,44.9,73.763
2023-03-05T00:00:00Z,37.781,58.067,895.453,25.3,50.1045
2023-03-06T00:00:00Z,32.61,59.942,889.156,11.7,25.758499999999998
2023-03-07T00:00:00Z,31.753,53.711,896.253,12.2,24.864
2023-03-08T00:00:00Z,29.693,55.189,896.161,25.7,49.0915
2023-03-09T00:00:00Z,48.093,49.838,894.349,29.9,57.307500000000005
2023-03-10T00:00:00Z,47.777,52.168,897.266,47.5,78.187
2023-03-11T00:00:00Z,36.817,58.649,897.508,24.9,47.18
2023-03-12T00:00:00Z,33.617,59.7,896.128,26.5,50.304
2023-03-13T00:00:00Z,30.081,61.946,894.666,24.3,47.427499999999995
2023-03-14T00:00:00Z,31.704,64.619,896.103,22.3,43.735
2023-03-15T00:00:00Z,32.996,67.207,891.89,21.6,41.94
2023-03-16T00:00:00Z,55.116,59.204,890.692,16.2,32.953500000000005
2023-03-17T00:00:00Z,62.545,56.007,894.565,20,39.466
2023-03-18T00:00:00Z,48.844,58.419,895.818,25.9,50.575500000000005
2023-03-19T00:00:00Z,49.336,56.826,892.421,20.2,39.0115
2023-03-20T00:00:00Z,49.368,56.129,891.04,13.3,26.105
2023-03-21T00:00:00Z,43.551,57.957,890.084,15.9,30.615499999999997
2023-03-22T00:00:00Z,40.823,59.34,893.869,15.1,29.905
2023-03-23T00:00:00Z,38.687,59.577,895.819,25.2,48.7485
2023-03-24T00:00:00Z,38.168,63.186,895.27,25.5,48.762
2023-03-25T00:00:00Z,37.458,64.631,894.025,22.1,44.0965
2023-03-26T00:00:00Z,35.703,66.924,890.104,24.4,47.0345
2023-03-27T00:00:00Z,54.171,60.494,890.245,13.9,26.810000000000002
2023-03-28T00:00:00Z,38.755,61.422,892.586,13.5,26.628999999999998
2023-03-29T00:00:00Z,26.779,66.179,887.791,9.9,19.101
2023-03-30T00:00:00Z,28.742,60.172,887.803,4.4,8.237
2023-03-31T00:00:00Z,44.071,49.069,888.081,10.5,23.362499999999997
2023-04-01T00:00:00Z,55.764,46.6,892.613,17,37.897000000000006
2023-04-02T00:00:00Z,44.535,52.646,892.545,41.1,74.51849999999999
2023-04-03T00:00:00Z,40.014,60.254,895.1,13.9,28.167
2023-04-04T00:00:00Z,37.812,63.18,897.428,16.3,32.301
2023-04-05T00:00:00Z,32.486,66.48,891.728,12.8,25.666
2023-04-06T00:00:00Z,38.022,62.782,890.455,10.7,20.631
2023-04-07T00:00:00Z,39.986,60.963,894.471,6.7,11.8605
2023-04-08T00:00:00Z,36.74,58.161,896.088,7.3,14.7635
2023-04-09T00:00:00Z,31.646,59.678,901.277,12.4,24.736
2023-04-10T00:00:00Z,50.828,60.601,897.421,18.4,35.810500000000005
2023-04-11T00:00:00Z,56.445,62.772,890.583,41,65.856
2023-04-12T00:00:00Z,55.931,62.759,886.371,14.6,27.494
2023-04-13T00:00:00Z,46.693,57.69,887.322,4.3,7.054
2023-04-14T00:00:00Z,50.558,51.485,895.013,6,10.727
2023-06-08T00:00:00Z,40.03,74.26,897.251,9,16.8
2023-06-09T00:00:00Z,33.215,81.434,895.593,9.1,17.0425
2023-06-10T00:00:00Z,41.56,78.161,892.335,9.5,17.87
2023-06-11T00:00:00Z,41.592,77.343,892.193,11.4,22.4745
2023-06-12T00:00:00Z,31.044,84.226,890.356,10.2,20.7885
2023-06-13T00:00:00Z,33.429,82.149,890.029,10.1,20.378500000000003
2023-06-14T00:00:00Z,39.865,76.769,891.33,10.5,19.815
2023-06-15T00:00:00Z,34.822,78.985,891.541,10.4,19.5465
2023-06-18T00:00:00Z,34.996,74.9,889.795,6.5,11.927499999999998
2023-06-19T00:00:00Z,29.804,82.565,890.587,8.2,14.765
2023-06-20T00:00:00Z,33.412,81.763,889.722,9.7,17.761499999999998
2023-06-21T00:00:00Z,34.047,80.079,893.184,5.8,9.916
2023-06-22T00:00:00Z,44.275,74.581,895.455,5,8.3995
2023-06-23T00:00:00Z,48.156,74.355,897.395,9.4,17.206000000000003
2023-06-24T00:00:00Z,43.164,75.525,897.4,12.5,22.354
2023-06-25T00:00:00Z,32.422,81.844,895.17,9.3,16.372999999999998
2023-06-26T00:00:00Z,30.09,85.743,889.989,9.9,17.6605
2023-06-27T00:00:00Z,34.344,83.745,890.247,8.3,14.3675
2023-06-28T00:00:00Z,37.8,83.707,892.846,8.4,14.7725
2023-06-29T00:00:00Z,35.906,83.781,890.956,10.9,19.7695
2023-06-30T00:00:00Z,32.701,82.941,889.815,7.7,13.484
2023-07-01T00:00:00Z,29.78,79.724,892.262,3.9,6.348000000000001
2023-07-02T00:00:00Z,30.859,82.667,894.164,6.1,10.2575
2023-07-03T00:00:00Z,31.014,87.268,894.41,9.6,17.366
2023-07-04T00:00:00Z,32.091,86.022,895.316,8.7,15.617
2023-07-05T00:00:00Z,34.067,84.607,895.145,8.5,15.192
2023-07-06T00:00:00Z,31.672,85.799,894.817,9.6,17.37
2023-07-07T00:00:00Z,30.302,88.361,892.747,11.4,21.072499999999998
2023-07-08T00:00:00Z,31.45,88.176,888.115,12,22.448999999999998
2023-07-09T00:00:00Z,32.949,87.435,887.679,12.4,22.8705
2023-07-10T00:00:00Z,35.752,82.557,889.623,8.6,14.660499999999999
2023-07-11T00:00:00Z,43.268,75.264,895.76,6.9,11.746500000000001
2023-07-12T00:00:00Z,32.165,80.111,899.09,7.6,13.2295
2023-07-13T00:00:00Z,27.939,83.932,898.523,8.6,14.928999999999998
2023-07-14T00:00:00Z,29.882,85.572,895.374,9.9,17.487000000000002
2023-07-15T00:00:00Z,28.956,86.948,893.586,10.3,18.018
2023-07-16T00:00:00Z,31.163,82.231,893.597,9.8,17.3365
2023-07-17T00:00:00Z,32,75,895.458,7.8,13.709
2023-07-19T00:00:00Z,28.139,84.861,892.566,8.6,14.9505
2023-07-20T00:00:00Z,29.896,87.639,892.726,11.4,20.5215
2023-07-21T00:00:00Z,28.638,90.347,893.246,11.5,21.1115
2023-07-22T00:00:00Z,29.84,90.329,894.854,10.1,18.805500000000002
2023-07-23T00:00:00Z,31.565,90.802,892.967,10.7,20.2215
2023-07-24T00:00:00Z,32.705,87.211,889.521,9.6,17.592
2023-07-25T00:00:00Z,36.043,83.175,892.158,8.8,15.22
2023-07-26T00:00:00Z,32.949,85.478,894.586,12.4,22.305
2023-07-27T00:00:00Z,29.643,89.311,893.223,13.5,24.581
2023-07-28T00:00:00Z,29.149,90.286,890.242,12.6,22.787
2023-07-29T00:00:00Z,33.151,86.179,891.116,7.7,13.244499999999999
2023-07-30T00:00:00Z,33.011,87.126,889.945,9.2,15.84
2023-07-31T00:00:00Z,29.631,88.099,890.765,9.4,16.227
2023-08-01T00:00:00Z,26.875,90.339,891.409,9.5,16.6845
2023-08-02T00:00:00Z,24.187,92.437,891.09,11.8,21.0245
2023-08-03T00:00:00Z,28.293,90.646,891.172,11.1,19.6295
2023-08-04T00:00:00Z,36.543,81.151,893.514,6.8,11.4635
2023-08-05T00:00:00Z,30.675,87.667,895,10.2,17.961
2023-08-06T00:00:00Z,29.34,88.826,893.794,10.4,18.5365
2023-08-07T00:00:00Z,28.88,90.078,892.183,12.5,22.351999999999997
2023-08-08T00:00:00Z,29.211,91.844,893.014,13.9,25.2335
2023-08-09T00:00:00Z,28.03,93.04,895.48,12.7,23.3475
2023-08-10T00:00:00Z,26.705,94.567,896.587,13.1,24.238
2023-08-11T00:00:00Z,24.692,95.839,896.352,13.8,25.2455
2023-08-12T00:00:00Z,22.312,96.089,896.948,13.2,23.515
2023-08-13T00:00:00Z,22.082,94.07,898.282,13.1,23.2735
2023-08-14T00:00:00Z,25.058,91.462,900.277,11.6,20.9805
2023-08-15T00:00:00Z,22.81,90.475,898.719,9.3,16.232
2023-08-16T00:00:00Z,20.5,91.5,897.25,8.6,14.5655
2023-08-17T00:00:00Z,19.172,90.741,893.903,10.4,18.846
2023-08-18T00:00:00Z,21.039,88.949,894.468,9.2,16.627
2023-08-19T00:00:00Z,26.431,86.535,894.589,9.5,16.9675
2023-08-20T00:00:00Z,29.997,85.794,895.441,9.9,16.9835
2023-08-21T00:00:00Z,28.193,87.257,894.444,11.1,19.326999999999998
2023-08-22T00:00:00Z,27.048,87.579,895.14,10.8,18.783499999999997
2023-08-23T00:00:00Z,27.706,88.028,895.156,11.4,19.564500000000002
2023-08-24T00:00:00Z,28.9,87.63,892.725,11.2,19.5515
2023-08-25T00:00:00Z,34.241,82.714,892.526,11,18.948999999999998
2023-08-26T00:00:00Z,30.421,81.221,895.18,7.6,12.1655
2023-08-27T00:00:00Z,33.74,81.127,893.972,12.8,22.9235
2023-08-28T00:00:00Z,32,84.385,888.595,17.5,32.564
2023-08-29T00:00:00Z,34.313,81.608,888.072,17.4,32.092
2023-08-30T00:00:00Z,35.451,80.636,894.381,13.2,23.436500000000002
2023-08-31T00:00:00Z,31.619,83.425,896.894,14.4,25.936999999999998
2023-09-01T00:00:00Z,29.278,87.356,895.955,13,23.192
2023-09-02T00:00:00Z,29.803,87.71,895.067,12.7,22.6015
2023-09-03T00:00:00Z,35.814,85.687,893.004,11.7,20.2875
2023-09-04T00:00:00Z,28.212,85.505,893.745,15.8,30.436
2023-09-05T00:00:00Z,24.829,86.332,896.03,16.1,31.865000000000002
2023-09-06T00:00:00Z,23.993,87.006,894.953,14,27.508499999999998
2023-09-07T00:00:00Z,30.825,85.426,893.893,14.1,26.2095
2023-09-08T00:00:00Z,38.404,81.742,893.024,13.6,24.4575
2023-09-09T00:00:00Z,48.584,73.525,892.608,13.3,24.313
2023-09-10T00:00:00Z,30.854,73.099,892.853,6.6,10.836500000000001
2023-09-11T00:00:00Z,36.11,70.656,894.268,10.8,19.6645
2023-09-12T00:00:00Z,54.384,67.886,896.736,19.3,35.416
2023-09-13T00:00:00Z,52.981,68.733,898.067,20.1,35.730999999999995
2023-09-14T00:00:00Z,41.096,70.428,897.99,10.3,18.399500000000003
2023-09-15T00:00:00Z,37.368,73.347,898.91,10.3,18.144
2023-09-16T00:00:00Z,34.914,74.965,897.027,11.3,20.6015
2023-09-17T00:00:00Z,35.595,74.431,895.119,10.2,17.6935
2023-09-18T00:00:00Z,37.065,67.521,897.741,6.5,10.1155
2023-09-19T00:00:00Z,37.501,70.65,899.956,8.8,14.7225
2023-09-20T00:00:00Z,39.501,72.272,900.237,14.5,27.3945
2023-09-21T00:00:00Z,36.69,75.084,899.841,15,27.866999999999997
2023-09-22T00:00:00Z,36.789,75.682,900.939,14.8,27.572499999999998
2023-09-23T00:00:00Z,38.054,75.495,900.862,14.4,26.7135
2023-09-24T00:00:00Z,38.133,75.165,899.51,12.2,22.121
2023-09-25T00:00:00Z,39.358,72.965,898.755,11.7,20.4735
2023-09-26T00:00:00Z,44.834,70.155,900.365,12.1,21.5655
2023-09-27T00:00:00Z,39.899,69.896,902.13,15.5,29.6095
2023-09-28T00:00:00Z,37.497,72.55,901.085,19.9,37.2315
2023-09-29T00:00:00Z,32.59,75.674,898.479,19.6,36.7205
2023-09-30T00:00:00Z,35.688,73.811,895.905,20.1,38.1995
2023-10-01T00:00:00Z,39.31,73.229,894.701,23.6,43.346999999999994
2023-10-02T00:00:00Z,50.087,69.49,894.634,8.8,15.1115
2023-10-03T00:00:00Z,61.195,64.906,898.827,14.9,27.4125
2023-10-04T00:00:00Z,65.106,60.994,901.634,16.2,30.633
2023-10-05T00:00:00Z,49.492,61.486,903.831,12.6,24.560000000000002
2023-10-06T00:00:00Z,44.564,62.9,900.708,15,29.893
2023-10-07T00:00:00Z,40.303,64.527,900.696,15.7,31.6495
2023-10-08T00:00:00Z,39.943,64.55,898.813,17.4,34.102000000000004
2023-10-09T00:00:00Z,36.981,67.079,895.393,14.6,28.4475
2023-10-10T00:00:00Z,44.485,65.212,896.065,18.3,35.260000000000005
2023-10-11T00:00:00Z,40.07,63.972,899.552,13.5,23.9695
2023-10-12T00:00:00Z,40.222,61.247,905.179,9.9,18.372
2023-10-13T00:00:00Z,42.181,64,902.622,20.4,38.012
2023-10-14T00:00:00Z,40.036,64.182,901.37,23.8,46.093500000000006
2023-10-15T00:00:00Z,37.48,66.39,896.816,21.7,42.237
2023-10-16T00:00:00Z,44.611,67.086,892.254,26.3,47.923500000000004
2023-10-17T00:00:00Z,42,66.607,897.565,24.4,44.9025
2023-10-18T00:00:00Z,53.876,64.019,897.846,26.2,48.811499999999995
2023-10-19T00:00:00Z,64.756,59.526,898.781,19,36.150000000000006
2023-10-20T00:00:00Z,52.096,57.004,903.127,16.8,34.5865
2023-10-21T00:00:00Z,48.214,59.633,901.929,22.1,43.561
2023-10-22T00:00:00Z,46.292,62.393,903.786,27.1,50.1095
2023-10-23T00:00:00Z,43.434,64.124,902.107,27.8,51.394
2023-10-24T00:00:00Z,41.995,66.187,897.824,27.8,51.373
2023-10-25T00:00:00Z,41.538,66.44,898.667,23.6,44.357
2023-10-26T00:00:00Z,42.27,66.74,899.362,27.8,50.083
2023-10-27T00:00:00Z,42.444,66.726,898.858,31,55.275499999999994
2023-10-28T00:00:00Z,41.289,66.969,898.717,31.2,55.132000000000005
2023-10-29T00:00:00Z,38.039,67.604,899.988,29,52.391000000000005
2023-10-30T00:00:00Z,38.133,67.658,904.272,26.1,49.799
2023-10-31T00:00:00Z,40.622,64.707,905.524,30.3,53.7775
2023-11-01T00:00:00Z,42.088,63.882,902.299,40.5,66.9205
2023-11-02T00:00:00Z,43.382,64.703,899.639,46.2,72.261
2023-11-03T00:00:00Z,50.64,63.901,897.657,43.9,69.4825
2023-11-04T00:00:00Z,49.804,60.747,899.117,29.1,52.178
2023-11-05T00:00:00Z,43.888,59.685,899.304,31,55.5785
2023-11-06T00:00:00Z,43.011,61.493,897.462,35,60.2715
2023-11-07T00:00:00Z,33.667,61.926,900.792,15.2,29.344
2023-11-08T00:00:00Z,29.704,55.706,903.631,21.4,41.2235
2023-11-09T00:00:00Z,36.281,57.018,899.643,38.9,67.6115
2023-11-10T00:00:00Z,39.601,60.568,901.99,45,71.956
2023-11-11T00:00:00Z,43.236,58.635,904.378,43.8,72.215
2023-11-12T00:00:00Z,42.805,60.071,903.75,53.6,81.9335
2023-11-13T00:00:00Z,38.578,62.351,901.56,49.6,76.8615
2023-11-14T00:00:00Z,46.945,60.42,897.585,53.8,82.483
2023-11-15T00:00:00Z,61.378,59.149,897.108,44,68.68350000000001
2023-11-16T00:00:00Z,54.121,61.084,893.884,56.3,82.023
2023-11-17T00:00:00Z,44.999,56.258,896.764,13.2,25.998
2023-11-18T00:00:00Z,44.293,55.751,896.421,21.6,42.085
2023-11-19T00:00:00Z,38.953,61.723,888.867,12.4,23.345
2023-11-20T00:00:00Z,52.601,55.705,881.898,8.8,15.120000000000001
2023-11-21T00:00:00Z,43.34,50.525,892.924,8.1,14.78
2023-11-22T00:00:00Z,40.48,48.382,903.124,20.5,39.777
2023-11-23T00:00:00Z,42.443,48.517,897.563,30,59.29
2023-11-24T00:00:00Z,44.907,51.835,894.863,51.9,85.624
2023-11-25T00:00:00Z,46.835,53.932,894.157,61.5,96.0575
2023-11-26T00:00:00Z,40.596,57.735,890.037,35.7,60.238
2023-11-27T00:00:00Z,37.624,57.535,887.052,10.4,19.973
2023-11-28T00:00:00Z,32.978,44.999,899.178,16.8,36.0895
2023-11-29T00:00:00Z,38.085,44.218,902.358,40.5,76.5805
2023-11-30T00:00:00Z,40.226,45.767,902.187,56.5,97.20750000000001
2023-12-01T00:00:00Z,40.801,47.135,904.207,58.2,97.5175
2023-12-02T00:00:00Z,44.092,47.53,903.462,72.1,118.168
2023-12-03T00:00:00Z,44.123,47.076,904.403,79.5,129.64600000000002
2023-12-04T00:00:00Z,43.264,47.532,904.474,91,145.6175
2023-12-05T00:00:00Z,42.392,49.288,903.437,126.6,199.96800000000002
2023-12-06T00:00:00Z,50.963,51.66,897.401,156.8,240.6295
2023-12-07T00:00:00Z,52.11,52.285,898.237,78.7,120.2415
2023-12-08T00:00:00Z,48.997,53.534,900.864,64.7,100.618
2023-12-09T00:00:00Z,56.175,50.997,898.042,59,93.65
2023-12-10T00:00:00Z,54.756,52.295,899.386,60.3,94.11949999999999
2023-12-11T00:00:00Z,46.062,51.463,902.008,32.4,60.9835
2023-12-12T00:00:00Z,51.77,54.446,896.983,59.8,92.174
2023-12-13T00:00:00Z,62.332,52.812,892.703,64.1,98.8985
2023-12-14T00:00:00Z,54.539,49.51,898.362,41.6,74.8785
2023-12-15T00:00:00Z,51.154,46.592,905.217,42.8,78.9815
2023-12-16T00:00:00Z,52.839,45.369,905.91,66.5,112.69800000000001
2023-12-17T00:00:00Z,54.851,43.248,901.97,53.3,89.8295
2023-12-18T00:00:00Z,41.259,37.294,906.252,15.4,39.578
2023-12-19T00:00:00Z,44.59,36.465,906.874,35.8,77.48599999999999
2023-12-20T00:00:00Z,46.789,36.839,906.565,68.1,128.5095
2023-12-21T00:00:00Z,47.622,38.293,900.711,88.1,160.394
2023-12-22T00:00:00Z,51.401,42.883,890.691,124.6,211.53750000000002
2023-12-23T00:00:00Z,60.544,42.529,885.584,95,162.562
2023-12-24T00:00:00Z,50.022,43.492,888.824,13.5,28.488500000000002
2023-12-25T00:00:00Z,37.818,45.933,897.232,14.4,30.346
2023-12-26T00:00:00Z,41.964,53.307,901.935,23,43.6875
2023-12-27T00:00:00Z,47.812,49.214,902.881,39.3,70.586
2023-12-28T00:00:00Z,38.633,48.515,901.35,22.2,40.321
2023-12-29T00:00:00Z,36.018,43.894,906.099,21.9,45.795
2023-12-30T00:00:00Z,40.321,43.085,904.477,45.3,83.2855
2023-12-31T00:00:00Z,44.829,42.014,902.007,79.3,139.494
2024-01-01T00:00:00Z,44.374,43.055,903.15,66.4,114.7485
2024-01-02T00:00:00Z,46.324,42.341,900.368,69.7,122.5565
2024-01-03T00:00:00Z,43.867,47.39,895.75,72.3,116.364
2024-01-04T00:00:00Z,47.625,49.768,895.578,46.4,78.65299999999999
2024-01-05T00:00:00Z,59.515,48.401,893.381,32.7,61.248999999999995
2024-01-06T00:00:00Z,43.99,45.663,902.441,15.6,33.1435
2024-01-07T00:00:00Z,42.712,42.804,903.697,28.7,56.3215
2024-01-08T00:00:00Z,41.896,47.719,898.93,42.4,74.705
2024-01-09T00:00:00Z,44.582,52.154,895.643,43.3,72.27699999999999
2024-01-10T00:00:00Z,52.776,50.857,894.386,36.1,64.92
2024-01-11T00:00:00Z,52.126,48.978,894.161,41,73.05250000000001
2024-01-12T00:00:00Z,62.386,45.246,886.346,34.6,65.531
2024-01-13T00:00:00Z,43.729,42.561,888.365,18.2,40.4885
2024-01-14T00:00:00Z,44.489,38.422,895.12,19.9,46.679
2024-01-15T00:00:00Z,49.501,35.985,900.93,38.7,82.71600000000001
2024-01-17T00:00:00Z,50.59,49.586,900.386,63.7,101.74600000000001
2024-01-18T00:00:00Z,50.875,48.437,902.424,47.7,80.79249999999999
2024-01-19T00:00:00Z,49.022,48.072,901.587,55.8,91.507
2024-01-20T00:00:00Z,47.735,50.248,901.447,66.3,101.6815
2024-01-21T00:00:00Z,50.87,51.178,899.495,63.3,100.07499999999999
2024-01-22T00:00:00Z,62.312,47.147,899.865,29.5,56.033500000000004
2024-01-23T00:00:00Z,61.411,40.838,899.273,17.3,35.9315
2024-01-24T00:00:00Z,60.683,38.032,898.654,19.6,49.0145
2024-01-25T00:00:00Z,54.694,37.001,899.244,27.7,60.454
2024-01-26T00:00:00Z,55.546,36.275,895.947,69.3,131.805
2024-01-27T00:00:00Z,59.663,37.321,890.436,82.2,155.6415
2024-01-28T00:00:00Z,51,36.262,898.698,43.9,92.603
2024-01-29T00:00:00Z,51.824,37.393,903.314,57,106.3115
2024-01-30T00:00:00Z,53.255,37.2,907.253,56,105.31049999999999
2024-01-31T00:00:00Z,46.803,33.449,906.716,50.6,103.1045
2024-02-01T00:00:00Z,46.851,32.537,902.007,58.2,119.22749999999999
2024-02-02T00:00:00Z,46.854,31.11,898.626,66.9,138.6335
2024-02-03T00:00:00Z,49.967,35.601,900.617,85.8,162.8815
2024-02-04T00:00:00Z,52.221,40.338,897.444,104.8,189.6985
2024-02-05T00:00:00Z,51.257,43.074,893.114,62.3,109.5415
2024-02-06T00:00:00Z,43.943,48.235,891.279,16.7,36.598
2024-02-07T00:00:00Z,41.301,51.621,898.528,21.8,42.565
2024-02-08T00:00:00Z,43.157,51.157,900.008,32.1,61.233000000000004
2024-02-09T00:00:00Z,43.482,52.688,899.047,27.8,54.34
2024-02-10T00:00:00Z,43.635,51.26,901.754,33,61.037
2024-02-11T00:00:00Z,42.064,49.814,904.034,36.5,67.2325
2024-02-12T00:00:00Z,41.044,50.704,903.255,44.6,76.6875
2024-02-13T00:00:00Z,38.908,52.298,899.693,52.3,85.943
2024-02-14T00:00:00Z,40.044,55.983,895.709,59.5,90.1155
2024-02-15T00:00:00Z,50.269,56.485,894.973,23.6,43.4135
2024-02-16T00:00:00Z,51.507,51.312,896.026,32,61.0005
2024-02-17T00:00:00Z,54.057,52.886,896.248,37.8,66.8905
2024-02-18T00:00:00Z,44.824,50.406,898.197,14.6,30.0215
2024-02-19T00:00:00Z,41.117,50.31,898.263,20.8,40.8935
2024-02-20T00:00:00Z,41.917,48.103,899.516,22.1,47.8365
2024-02-21T00:00:00Z,37.297,51.265,901.024,30.2,56.038
2024-02-22T00:00:00Z,39.257,52.749,899.587,36.2,62.7285
2024-02-23T00:00:00Z,49.438,49.644,901.216,21.6,44.104
2024-02-24T00:00:00Z,41.785,46.533,903.012,22.9,45.591499999999996
2024-02-25T00:00:00Z,36.557,39.862,904.409,6.1,11.533
2024-02-26T00:00:00Z,34.383,38.725,904.644,20.2,43.712
2024-02-27T00:00:00Z,32.422,38.111,903.495,19.6,48.134
2024-02-28T00:00:00Z,30.229,39.367,904.729,30.5,65.64850000000001
2024-02-29T00:00:00Z,28.707,41.667,904.922,39.9,79.1185
2024-03-01T00:00:00Z,29.237,44.086,902.902,52.6,93.374
2024-03-02T00:00:00Z,29.868,46.71,897.589,53.4,93.21000000000001
2024-03-03T00:00:00Z,28.565,49.719,893.829,48,81.0335
2024-03-04T00:00:00Z,32.286,52.465,894.263,45.3,75.42250000000001
2024-03-05T00:00:00Z,34.919,53.457,895.418,43.6,73.0625
2024-03-06T00:00:00Z,39.957,54.774,893.302,34.8,60.4035
2024-03-07T00:00:00Z,54.057,50.608,891.775,20.5,40.306
2024-03-08T00:00:00Z,40.839,49.215,894.565,18.1,38.243
2024-03-09T00:00:00Z,36.598,51.469,893.775,21.1,43.8735
2024-03-10T00:00:00Z,51.397,48.814,895.742,29.1,57.8245
2024-03-11T00:00:00Z,36.356,50.004,900.259,23.1,47.9005
2024-03-12T00:00:00Z,30.204,48.155,903.256,25.3,50.9055
2024-03-13T00:00:00Z,30.357,53.23,900.673,29.1,57.9245
2024-03-14T00:00:00Z,32.565,56.825,897.969,32,59.66
2024-03-15T00:00:00Z,31.744,62.545,894,36.8,62.914500000000004
2024-04-29T00:00:00Z,23.397,80.677,897.574,12.7,24.777500000000003
2024-04-30T00:00:00Z,27.984,79.703,896.289,11.9,22.3785
2024-05-01T00:00:00Z,27.015,78.043,893.012,11,20.689
2024-05-02T00:00:00Z,35.867,76.564,887.11,11.7,22.018500000000003
2024-05-03T00:00:00Z,56.64,66.79,884.835,8.3,13.354500000000002
2024-05-04T00:00:00Z,53.448,65.174,886.884,7.9,12.5915
2024-05-05T00:00:00Z,49.351,64.529,888.624,10.3,17.7055
2024-05-06T00:00:00Z,51.067,63.087,892.179,7.9,12.676
2024-05-07T00:00:00Z,50.392,63.419,891.99,10,17.3275
2024-05-08T00:00:00Z,42.769,65.308,895.809,7.6,12.207
2024-05-09T00:00:00Z,36.072,67.89,898.13,8.1,13.525500000000001
2024-05-10T00:00:00Z,39.684,68.446,898.077,8.4,13.939
2024-05-11T00:00:00Z,50,66.934,897.171,15.9,29.4195
2024-05-12T00:00:00Z,46.678,68.382,888.881,11,19.314999999999998
2024-05-13T00:00:00Z,48.494,66.211,889.717,7.3,11.5595
2024-05-14T00:00:00Z,53.456,62.539,892.295,6.5,10.204
2024-05-15T00:00:00Z,43.048,65.269,897.483,7.8,12.2745
2024-05-16T00:00:00Z,51.483,62.752,898.179,10.8,18.399
2024-05-17T00:00:00Z,37.076,63.404,897.102,8.8,14.1645
2024-05-18T00:00:00Z,27.701,64.604,897.024,6.8,10.7625
2024-05-19T00:00:00Z,34.046,66.548,895.299,8.2,13.939499999999999
2024-05-20T00:00:00Z,34.507,69.622,895.684,9,15.271
2024-05-21T00:00:00Z,37.835,70.271,897.908,9.9,16.945
2024-05-22T00:00:00Z,39.267,69.568,897.179,11.6,21.233
2024-05-23T00:00:00Z,40.324,71.796,894.773,9.5,16.372
2024-05-24T00:00:00Z,46.559,68.787,894.846,7.8,12.6955
2024-05-25T00:00:00Z,49.361,67.335,893.984,6.7,10.517
2024-05-26T00:00:00Z,51.146,67.458,895.276,11,19.3375
2024-05-27T00:00:00Z,42.119,73.557,897.182,11.4,19.715
2024-05-28T00:00:00Z,41.863,75.117,897.436,9.9,17.664
2024-05-29T00:00:00Z,34.519,80.85,895.48,11.6,22.500999999999998
2024-05-30T00:00:00Z,34.751,79.651,897.229,11.2,21.831000000000003
2024-05-31T00:00:00Z,35.633,82.539,894.498,14.9,29.6625
2024-06-01T00:00:00Z,29.688,80.042,896.398,10.2,17.850499999999997
2024-06-02T00:00:00Z,33.06,78.436,899.853,8.5,14.2105
2024-06-03T00:00:00Z,31.685,82.518,899.331,8,12.9725
2024-06-04T00:00:00Z,32.348,82.123,898.849,9.7,16.43
2024-06-05T00:00:00Z,32.222,80.793,898.229,10.7,18.9225
2024-06-06T00:00:00Z,28.899,84.931,896.961,11.7,20.8365
2024-06-07T00:00:00Z,27.182,85.968,895.345,9.4,16.005499999999998
2024-06-08T00:00:00Z,40.289,80.693,894.379,12.1,21.3465
2024-06-09T00:00:00Z,46.496,75.84,893.312,15.1,27.09
2024-06-10T00:00:00Z,40.218,77.892,894.421,13.9,24.85
2024-06-11T00:00:00Z,36.936,78.542,894.54,11.2,19.5925
2024-06-12T00:00:00Z,32.887,83.297,895.183,12.7,21.417499999999997
2024-06-13T00:00:00Z,29.929,84.631,895.694,8.2,13.7365
2024-06-14T00:00:00Z,28.991,84.052,894.252,9.4,17.017
2024-06-15T00:00:00Z,27.312,85.289,891.849,9.4,16.265
2024-06-16T00:00:00Z,27.738,87.646,893.166,9.5,16.35
2024-06-17T00:00:00Z,28.573,89.537,895.79,11.6,20.9985
2024-06-18T00:00:00Z,27.708,87.668,897.894,12.1,21.914
2024-06-19T00:00:00Z,28.635,87.56,898.316,10.1,17.186500000000002
2024-06-20T00:00:00Z,30.025,85.888,895.935,9.4,15.615
2024-06-21T00:00:00Z,31.457,85.239,893.285,8.6,13.616
2024-06-22T00:00:00Z,29.967,84.585,891.324,9.4,15.1465
2024-06-23T00:00:00Z,29.982,85.458,892.197,9.7,15.661
2024-06-24T00:00:00Z,30.314,87.955,891.599,11.3,18.828
2024-06-25T00:00:00Z,28.995,88.79,890.193,11.5,19.5355
