date,pm2.5_avg,humidity,temperature,pressure
2021-06-19 00:00:00+00:00,27.641666666666666,23.0,87.8,860.762
2021-06-20 00:00:00+00:00,12.4,19.0,87.1,859.215
2021-06-21 00:00:00+00:00,1.8083333333333331,18.0,94.0,861.885
2021-10-08 00:00:00+00:00,22.733333333333334,50.433,54.767,904.738
2021-10-09 00:00:00+00:00,36.82510729613734,52.567,52.6,904.77
2021-10-10 00:00:00+00:00,43.496566523605146,52.1,53.166,904.642
2021-10-11 00:00:00+00:00,45.203218884120176,48.133,55.1,903.034
2021-10-12 00:00:00+00:00,36.980257510729615,43.767,55.966,900.071
2021-10-13 00:00:00+00:00,39.30751072961374,40.233,59.3,897.014
2021-10-14 00:00:00+00:00,43.496566523605146,44.966,61.1,900.798
2021-10-15 00:00:00+00:00,27.383333333333333,31.534,64.934,902.421
2021-10-16 00:00:00+00:00,41.47961373390558,46.3,60.334,899.844
2021-10-17 00:00:00+00:00,43.34141630901288,41.534,61.834,894.599
2021-10-18 00:00:00+00:00,41.94506437768241,43.6,59.267,893.62
2021-10-20 00:00:00+00:00,11.108333333333334,46.517,56.617,900.914
2021-10-21 00:00:00+00:00,34.49785407725322,42.633,49.666,906.048
2021-10-22 00:00:00+00:00,31.55,44.633,48.666,906.709
2021-10-23 00:00:00+00:00,33.101502145922744,41.334,50.534,902.507
2021-10-24 00:00:00+00:00,32.1706008583691,39.8,51.233,900.227
2021-10-25 00:00:00+00:00,36.04935622317596,34.034,51.8,897.62
2021-10-26 00:00:00+00:00,5.941666666666666,42.4,44.7,904.044
2021-10-27 00:00:00+00:00,29.45,34.9,41.5,907.301
2021-10-28 00:00:00+00:00,43.1862660944206,33.6,43.067,904.647
2021-10-29 00:00:00+00:00,45.978969957081546,33.0,46.966,902.091
2021-10-30 00:00:00+00:00,114.16759747102213,65.867,51.9,904.812
2021-10-31 00:00:00+00:00,117.73097997892518,65.167,55.733,909.206
2021-11-01 00:00:00+00:00,114.69831401475237,67.934,58.0,907.355
2021-11-02 00:00:00+00:00,71.01984924623116,62.2,55.966,902.33
2021-11-03 00:00:00+00:00,119.17149631190728,70.1,60.8,899.226
2021-11-04 00:00:00+00:00,67.23454935622318,64.367,56.933,903.151
2021-11-05 00:00:00+00:00,42.10021459227468,58.334,55.233,907.176
2021-11-06 00:00:00+00:00,31.860300429184548,55.1,52.133,906.251
2021-11-07 00:00:00+00:00,44.42746781115879,51.433,48.633,903.195
2021-11-08 00:00:00+00:00,62.269742489270385,51.4,49.034,903.58
2021-11-09 00:00:00+00:00,54.51223175965666,49.066,49.367,904.556
2021-11-10 00:00:00+00:00,78.63693467336684,48.1,48.9,900.586
2021-11-11 00:00:00+00:00,5.941666666666666,67.767,42.3,903.28
2021-11-12 00:00:00+00:00,48.151072961373394,54.7,49.966,904.818
2021-11-13 00:00:00+00:00,75.5208542713568,57.333,42.067,906.086
2021-11-14 00:00:00+00:00,92.83241206030152,55.9,42.7,906.599
2021-11-15 00:00:00+00:00,101.6613065326633,53.933,44.367,904.596
2021-11-17 00:00:00+00:00,41.16931330472103,47.4,44.067,904.783
2021-11-18 00:00:00+00:00,57.77038626609442,50.767,40.7,904.723
2021-11-19 00:00:00+00:00,92.48618090452261,52.166,40.8,901.195
2021-11-20 00:00:00+00:00,113.33361433087461,52.1,42.967,895.868
2021-11-21 00:00:00+00:00,175.75,55.534,48.933,895.756
2021-11-22 00:00:00+00:00,71.19296482412061,50.166,43.334,901.874
2021-11-23 00:00:00+00:00,82.27236180904522,52.6,43.267,902.995
2021-11-24 00:00:00+00:00,84.52286432160804,52.833,43.233,899.298
2021-11-25 00:00:00+00:00,19.633333333333333,53.233,51.267,899.591
2021-11-26 00:00:00+00:00,93.00552763819096,61.666,50.067,902.1
2021-11-27 00:00:00+00:00,105.90358271865121,67.5,45.4,903.479
2021-11-28 00:00:00+00:00,109.99768177028452,65.333,48.067,903.025
2021-11-29 00:00:00+00:00,113.40943097997894,66.834,48.966,902.075
2021-11-30 00:00:00+00:00,109.2395152792413,68.566,47.966,903.479
2021-12-01 00:00:00+00:00,108.32971548998947,69.133,44.733,889.418
2021-12-02 00:00:00+00:00,35.58390557939914,61.166,44.934,892.322
2021-12-03 00:00:00+00:00,25.575,45.966,36.1,903.705
2021-12-04 00:00:00+00:00,58.235836909871246,50.667,35.433,905.017
2021-12-05 00:00:00+00:00,89.19698492462311,52.344,35.555,901.038
2021-12-06 00:00:00+00:00,75.34773869346733,51.767,36.1,900.719
2021-12-07 00:00:00+00:00,77.4251256281407,51.567,38.966,906.861
2021-12-08 00:00:00+00:00,121.74926238145416,48.433,44.567,902.439
2021-12-09 00:00:00+00:00,125.69172813487882,58.4,47.367,896.731
2021-12-10 00:00:00+00:00,69.80804020100503,56.166,44.7,903.69
2021-12-11 00:00:00+00:00,46.13412017167382,52.933,39.9,906.51
2021-12-12 00:00:00+00:00,63.045493562231755,52.433,39.3,908.449
2021-12-13 00:00:00+00:00,77.07889447236181,53.0,37.267,908.254
2021-12-14 00:00:00+00:00,112.27218124341412,53.967,38.033,905.829
2021-12-15 00:00:00+00:00,147.98182297154898,57.333,39.633,902.719
2021-12-16 00:00:00+00:00,125.76754478398314,55.8,37.067,902.99
2021-12-18 00:00:00+00:00,151.16612223393045,64.233,45.1,892.883
2021-12-19 00:00:00+00:00,110.83166491043204,63.067,46.7,894.923
2021-12-20 00:00:00+00:00,61.804291845493566,52.7,46.3,894.931
2021-12-21 00:00:00+00:00,48.30622317596567,51.967,48.666,886.616
2021-12-22 00:00:00+00:00,17.566666666666666,58.733,37.767,893.52
2021-12-23 00:00:00+00:00,30.483333333333334,41.1,28.167,899.197
2021-12-24 00:00:00+00:00,63.355793991416306,50.433,31.233,898.406
2021-12-25 00:00:00+00:00,58.39098712446352,44.166,25.733,900.556
2021-12-26 00:00:00+00:00,56.37403433476395,44.3,29.466,905.708
2021-12-27 00:00:00+00:00,93.00552763819096,48.934,27.7,905.249
2021-12-28 00:00:00+00:00,104.76633298208641,47.8,29.233,904.689
2021-12-29 00:00:00+00:00,104.84214963119072,48.034,27.834,901.679
2021-12-30 00:00:00+00:00,116.51791359325605,48.067,27.7,900.649
2021-12-31 00:00:00+00:00,105.60031612223393,47.867,27.233,901.81
2022-01-01 00:00:00+00:00,140.0968914646997,49.534,27.6,901.802
2022-01-02 00:00:00+00:00,169.9686512118019,55.133,32.767,897.345
2022-01-03 00:00:00+00:00,137.74657534246575,59.966,38.733,893.292
2022-01-04 00:00:00+00:00,59.01158798283262,46.166,37.0,896.081
2022-01-05 00:00:00+00:00,57.14978540772532,59.0,33.966,897.334
2022-01-06 00:00:00+00:00,51.09892703862661,48.9,34.666,903.391
2022-01-07 00:00:00+00:00,54.20193133047211,47.1,34.067,902.894
2022-01-08 00:00:00+00:00,106.66174920969442,49.2,37.034,902.332
2022-01-09 00:00:00+00:00,65.06244635193133,49.0,34.233,902.499
2022-01-10 00:00:00+00:00,119.47476290832455,49.3,40.466,899.649
2022-01-11 00:00:00+00:00,174.7451001053741,62.567,39.133,899.18
2022-01-12 00:00:00+00:00,126.98061116965226,57.5,43.466,901.221
2022-01-13 00:00:00+00:00,114.62249736564804,65.2,42.233,896.314
2022-01-14 00:00:00+00:00,14.466666666666665,60.9,35.767,892.043
2022-01-15 00:00:00+00:00,37.91115879828326,47.933,25.633,887.328
2022-01-16 00:00:00+00:00,50.47832618025751,47.6,33.1,889.062
2022-01-17 00:00:00+00:00,16.533333333333335,38.166,22.867,896.609
2022-01-18 00:00:00+00:00,36.82510729613734,42.067,19.666,898.826
2022-01-19 00:00:00+00:00,39.77296137339056,53.5,31.8,896.811
2022-01-20 00:00:00+00:00,66.30364806866953,60.567,32.633,891.889
2022-01-21 00:00:00+00:00,34.96330472103004,46.1,26.2,900.094
2022-01-22 00:00:00+00:00,38.53175965665237,46.6,21.267,903.437
2022-01-23 00:00:00+00:00,105.22123287671232,49.3,22.934,899.194
2022-01-24 00:00:00+00:00,59.47703862660944,42.966,28.4,896.824
2022-01-25 00:00:00+00:00,141.46159114857744,46.467,35.833,899.112
2022-01-26 00:00:00+00:00,74.82839195979899,49.1,34.433,897.947
2022-01-28 00:00:00+00:00,18.85833333333333,43.6,36.334,895.748
2022-01-29 00:00:00+00:00,47.06502145922747,47.6,32.367,898.955
2022-01-30 00:00:00+00:00,59.01158798283262,47.233,33.067,900.813
2022-01-31 00:00:00+00:00,89.37010050251257,47.1,38.933,896.529
2022-02-01 00:00:00+00:00,59.94248927038626,46.633,39.767,895.429
2022-02-02 00:00:00+00:00,66.92424892703863,46.666,40.9,902.175
2022-02-03 00:00:00+00:00,60.56309012875537,49.133,39.2,902.033
2022-02-04 00:00:00+00:00,44.27231759656652,64.433,41.966,893.019
2022-02-05 00:00:00+00:00,76.55954773869345,59.633,42.0,887.235
2022-02-06 00:00:00+00:00,14.466666666666665,37.767,30.267,898.299
2022-02-07 00:00:00+00:00,39.92811158798283,43.1,36.666,899.316
2022-02-08 00:00:00+00:00,38.066309012875536,44.0,32.034,900.426
2022-02-09 00:00:00+00:00,82.96482412060301,42.266,43.2,897.825
2022-02-10 00:00:00+00:00,52.9607296137339,45.4,45.466,895.11
2022-02-11 00:00:00+00:00,46.754721030042916,63.733,45.0,898.775
2022-02-12 00:00:00+00:00,48.30622317596567,56.8,37.767,905.023
2022-02-13 00:00:00+00:00,82.96482412060301,54.067,36.433,904.867
2022-02-14 00:00:00+00:00,38.53175965665237,41.567,39.8,903.492
2022-02-15 00:00:00+00:00,73.96281407035175,43.666,46.0,900.057
2022-02-16 00:00:00+00:00,73.44346733668343,46.033,44.333,901.216
2022-02-18 00:00:00+00:00,85.0422110552764,48.4,37.0,894.924
2022-02-19 00:00:00+00:00,109.2395152792413,51.5,40.567,896.342
2022-02-20 00:00:00+00:00,58.85643776824035,45.766,40.833,900.646
2022-02-21 00:00:00+00:00,43.496566523605146,42.1,41.166,896.994
2022-02-22 00:00:00+00:00,66.76909871244635,47.433,45.666,896.249
2022-02-23 00:00:00+00:00,55.59828326180258,46.966,43.7,898.113
2022-02-24 00:00:00+00:00,54.82253218884121,50.5,45.8,901.531
2022-02-25 00:00:00+00:00,25.833333333333336,37.167,50.067,897.149
2022-02-26 00:00:00+00:00,28.15833333333333,51.233,51.933,890.934
2022-02-27 00:00:00+00:00,25.05833333333333,43.166,51.3,897.754
2022-02-28 00:00:00+00:00,39.152360515021456,44.3,44.967,901.317
2022-03-01 00:00:00+00:00,73.09723618090452,41.534,50.567,899.006
2022-03-03 00:00:00+00:00,61.95944206008584,61.766,52.834,892.691
2022-03-04 00:00:00+00:00,2.583333333333333,46.967,50.867,879.143
2022-03-05 00:00:00+00:00,7.491666666666667,36.7,38.566,893.49
2022-03-06 00:00:00+00:00,28.15833333333333,34.7,43.267,894.668
2022-03-07 00:00:00+00:00,41.47961373390558,49.534,37.1,894.442
2022-03-08 00:00:00+00:00,57.9255364806867,44.033,39.0,890.125
2022-03-09 00:00:00+00:00,47.84077253218885,46.4,48.434,889.26
2022-03-10 00:00:00+00:00,14.725,59.334,44.1,886.323
2022-03-11 00:00:00+00:00,11.366666666666667,58.9,46.5,884.595
2022-03-12 00:00:00+00:00,3.6166666666666663,53.5,41.167,888.223
2022-03-13 00:00:00+00:00,24.541666666666664,45.133,39.4,893.246
2022-03-14 00:00:00+00:00,25.05833333333333,34.7,38.2,898.245
2022-03-15 00:00:00+00:00,55.90858369098713,63.433,36.234,899.344
2022-03-16 00:00:00+00:00,12.658333333333335,47.834,32.466,897.892
2022-03-18 00:00:00+00:00,22.991666666666667,47.3,38.0,899.014
2022-03-19 00:00:00+00:00,59.32188841201717,59.934,40.133,898.683
2022-03-20 00:00:00+00:00,16.275,55.5,41.966,893.573
2022-03-21 00:00:00+00:00,16.275,64.034,38.0,898.145
2022-03-22 00:00:00+00:00,46.44442060085837,61.834,39.034,898.132
2022-03-23 00:00:00+00:00,28.416666666666664,57.834,40.966,901.008
2022-03-24 00:00:00+00:00,34.49785407725322,54.334,41.1,892.236
2022-03-25 00:00:00+00:00,68.94246231155779,59.034,37.3,892.141
2022-03-26 00:00:00+00:00,41.16931330472103,42.734,42.133,894.689
2022-03-27 00:00:00+00:00,50.943776824034344,46.733,36.0,900.735
2022-03-28 00:00:00+00:00,47.22017167381974,39.966,41.133,900.091
2022-03-29 00:00:00+00:00,34.96330472103004,43.5,37.467,906.957
2022-03-30 00:00:00+00:00,49.85772532188841,39.8,45.233,900.588
2022-03-31 00:00:00+00:00,32.325751072961374,43.433,51.834,899.495
2022-04-01 00:00:00+00:00,39.77296137339056,40.3,47.966,903.049
2022-04-02 00:00:00+00:00,52.9607296137339,39.966,49.466,901.508
2022-04-03 00:00:00+00:00,46.13412017167382,33.0,54.9,897.169
2022-04-04 00:00:00+00:00,31.0,27.4,64.466,893.387
2022-04-05 00:00:00+00:00,29.19166666666667,35.733,54.5,898.453
2022-04-10 00:00:00+00:00,29.708333333333336,53.067,49.233,898.006
2022-04-11 00:00:00+00:00,38.22145922746781,48.4,53.8,895.095
2022-04-12 00:00:00+00:00,27.9,41.0,58.4,886.172
2022-04-13 00:00:00+00:00,5.941666666666666,40.1,50.466,888.933
2022-04-14 00:00:00+00:00,26.35,41.966,40.633,897.286
2022-04-15 00:00:00+00:00,33.87725321888412,37.633,42.966,898.515
2022-04-16 00:00:00+00:00,15.241666666666667,38.933,51.5,896.571
2022-04-17 00:00:00+00:00,37.44570815450644,42.4,51.433,897.954
2022-04-18 00:00:00+00:00,43.1862660944206,38.0,55.966,898.351
2022-04-19 00:00:00+00:00,43.03111587982833,32.3,60.367,896.298
2022-04-20 00:00:00+00:00,36.04935622317596,31.033,64.066,891.131
2022-04-21 00:00:00+00:00,40.39356223175966,52.9,57.867,893.772
2022-04-22 00:00:00+00:00,44.42746781115879,46.166,57.9,895.754
2022-04-23 00:00:00+00:00,28.675,37.034,59.4,896.531
2022-04-24 00:00:00+00:00,31.705150214592273,34.933,59.834,895.874
2022-04-25 00:00:00+00:00,20.15,30.534,67.367,894.919
2022-04-26 00:00:00+00:00,36.669957081545064,40.067,61.933,895.26
2022-04-27 00:00:00+00:00,36.04935622317596,39.5,62.534,894.729
2022-04-28 00:00:00+00:00,34.34270386266095,35.966,66.533,894.734
2022-04-29 00:00:00+00:00,45.82381974248927,58.733,65.7,898.014
2022-04-30 00:00:00+00:00,50.16802575107296,52.067,63.9,896.539
2022-05-01 00:00:00+00:00,31.860300429184548,46.633,62.233,892.75
2022-05-02 00:00:00+00:00,36.980257510729615,64.334,62.167,890.051
2022-05-03 00:00:00+00:00,20.925,63.666,58.267,894.619
2022-05-04 00:00:00+00:00,19.89166666666667,60.367,62.0,894.315
2022-05-05 00:00:00+00:00,15.241666666666667,47.667,63.733,888.1
2022-05-06 00:00:00+00:00,9.3,55.966,54.867,891.497
2022-05-07 00:00:00+00:00,10.075,53.867,53.933,892.205
2022-05-08 00:00:00+00:00,26.09166666666667,62.567,57.966,893.135
2022-05-09 00:00:00+00:00,13.95,63.566,50.067,896.487
2022-05-10 00:00:00+00:00,7.75,53.834,56.7,895.62
2022-05-11 00:00:00+00:00,11.625,49.6,55.1,896.782
2022-05-12 00:00:00+00:00,18.85833333333333,52.367,56.133,897.684
2022-05-13 00:00:00+00:00,14.208333333333332,58.8,55.933,902.011
2022-05-14 00:00:00+00:00,36.669957081545064,50.233,54.3,902.464
2022-05-15 00:00:00+00:00,25.575,43.867,63.966,897.049
2022-05-16 00:00:00+00:00,23.766666666666666,63.834,62.466,894.226
2022-05-17 00:00:00+00:00,27.9,51.267,55.133,897.918
2022-05-18 00:00:00+00:00,19.89166666666667,44.834,60.166,895.858
2022-05-19 00:00:00+00:00,35.27360515021459,51.133,62.466,896.952
2022-05-20 00:00:00+00:00,27.383333333333333,58.167,65.2,894.351
2022-05-21 00:00:00+00:00,13.433333333333334,54.433,48.066,901.788
2022-05-22 00:00:00+00:00,21.7,45.2,54.4,898.06
2022-05-23 00:00:00+00:00,19.633333333333333,37.067,67.767,887.002
2022-05-24 00:00:00+00:00,17.308333333333334,50.8,59.0,888.376
2022-05-25 00:00:00+00:00,2.066666666666667,61.5,53.933,896.377
2022-05-26 00:00:00+00:00,6.2,47.267,53.834,900.904
2022-05-27 00:00:00+00:00,12.916666666666668,45.166,58.233,899.391
2022-05-28 00:00:00+00:00,12.4,39.867,64.466,897.796
2022-05-29 00:00:00+00:00,26.608333333333334,41.0,67.867,896.65
2022-05-30 00:00:00+00:00,30.741666666666667,42.867,66.5,898.869
2022-05-31 00:00:00+00:00,32.325751072961374,37.9,70.5,897.806
2022-06-01 00:00:00+00:00,21.18333333333333,37.733,70.666,897.561
2022-06-02 00:00:00+00:00,18.341666666666665,45.334,66.233,899.573
2022-06-03 00:00:00+00:00,18.083333333333336,41.067,70.966,900.117
2022-06-04 00:00:00+00:00,31.705150214592273,34.6,76.7,899.121
2022-06-05 00:00:00+00:00,28.675,34.034,76.067,895.098
2022-06-06 00:00:00+00:00,18.341666666666665,30.566,73.133,891.252
2022-06-08 00:00:00+00:00,28.416666666666664,43.733,73.267,891.412
2022-06-09 00:00:00+00:00,17.566666666666666,39.5,73.7,892.946
2022-06-10 00:00:00+00:00,22.733333333333334,52.966,66.367,893.558
2022-06-11 00:00:00+00:00,9.558333333333334,45.5,70.233,895.527
2022-06-12 00:00:00+00:00,17.825000000000003,45.8,67.933,893.273
2022-06-13 00:00:00+00:00,20.666666666666664,58.434,66.833,890.724
2022-06-14 00:00:00+00:00,18.341666666666665,44.567,71.066,889.699
2022-06-15 00:00:00+00:00,23.766666666666666,50.367,65.767,894.111
2022-06-16 00:00:00+00:00,35.42875536480687,45.0,70.166,896.489
2022-06-17 00:00:00+00:00,19.89166666666667,44.367,74.5,896.782
2022-06-18 00:00:00+00:00,25.31666666666667,46.233,76.3,893.822
2022-06-19 00:00:00+00:00,22.475,44.233,73.5,895.626
2022-06-20 00:00:00+00:00,19.116666666666667,41.534,77.1,894.56
2022-06-21 00:00:00+00:00,19.89166666666667,47.0,76.3,890.402
2022-06-22 00:00:00+00:00,31.705150214592273,42.967,76.066,881.409
2022-06-23 00:00:00+00:00,10.333333333333332,45.233,69.933,888.648
2022-06-28 00:00:00+00:00,32.7912017167382,43.9,73.1,891.278
2022-06-29 00:00:00+00:00,28.675,44.1,75.433,891.401
2022-06-30 00:00:00+00:00,26.608333333333334,43.967,76.4,892.905
2022-07-01 00:00:00+00:00,16.01666666666667,39.8,76.133,891.667
2022-07-02 00:00:00+00:00,21.958333333333336,41.767,76.0,890.452
2022-07-03 00:00:00+00:00,12.4,35.133,68.6,894.5
2022-07-04 00:00:00+00:00,20.925,39.4,67.834,895.357
2022-07-05 00:00:00+00:00,21.958333333333336,40.933,69.633,896.186
2022-07-06 00:00:00+00:00,18.341666666666665,37.1,70.1,895.963
2022-07-07 00:00:00+00:00,26.608333333333334,37.2,73.166,895.082
2022-07-08 00:00:00+00:00,29.19166666666667,42.4,71.4,893.796
2022-07-09 00:00:00+00:00,32.1706008583691,39.334,75.267,892.375
2022-07-10 00:00:00+00:00,21.44166666666667,36.0,78.0,889.061
2022-07-11 00:00:00+00:00,14.466666666666665,33.333,79.267,888.054
2022-07-12 00:00:00+00:00,21.44166666666667,35.367,80.2,893.325
2022-07-13 00:00:00+00:00,15.758333333333333,32.133,80.434,892.957
2022-07-14 00:00:00+00:00,11.366666666666667,29.934,80.9,890.771
2022-07-15 00:00:00+00:00,14.983333333333334,33.233,79.5,893.313
2022-07-16 00:00:00+00:00,19.116666666666667,35.867,79.9,893.549
2022-07-17 00:00:00+00:00,23.25,35.367,82.967,891.754
2022-07-19 00:00:00+00:00,22.475,22.733,86.034,893.103
2022-07-20 00:00:00+00:00,20.40833333333333,32.267,83.233,892.047
2022-07-21 00:00:00+00:00,29.96666666666667,39.933,82.166,889.122
2022-07-22 00:00:00+00:00,11.625,41.966,77.4,890.607
2022-07-24 00:00:00+00:00,11.625,35.9,69.667,893.0
2022-07-25 00:00:00+00:00,9.041666666666668,37.433,70.7,892.801
2022-07-26 00:00:00+00:00,12.916666666666668,35.8,74.1,892.611
2022-07-27 00:00:00+00:00,34.65300429184549,43.1,77.066,891.005
2022-07-28 00:00:00+00:00,34.65300429184549,42.466,77.9,893.119
2022-07-29 00:00:00+00:00,27.9,40.7,80.367,894.751
2022-07-30 00:00:00+00:00,25.833333333333336,42.267,79.867,894.84
2022-07-31 00:00:00+00:00,21.958333333333336,33.4,81.733,892.419
2022-08-01 00:00:00+00:00,28.675,37.834,80.066,891.151
2022-08-02 00:00:00+00:00,35.894206008583694,42.466,81.0,891.506
2022-08-03 00:00:00+00:00,35.27360515021459,40.466,82.8,891.545
2022-08-04 00:00:00+00:00,24.28333333333333,36.6,81.066,894.691
2022-08-05 00:00:00+00:00,32.48090128755365,37.933,83.1,894.294
2022-08-06 00:00:00+00:00,13.95,38.5,80.034,892.169
2022-08-07 00:00:00+00:00,26.608333333333334,37.067,78.9,889.476
2022-08-08 00:00:00+00:00,11.883333333333333,43.1,78.667,890.677
2022-08-09 00:00:00+00:00,21.18333333333333,42.033,77.966,894.185
2022-08-10 00:00:00+00:00,26.35,43.0,77.367,893.716
2022-08-11 00:00:00+00:00,17.825000000000003,42.5,76.934,891.83
2022-08-15 00:00:00+00:00,24.541666666666664,34.433,81.633,889.357
2022-08-16 00:00:00+00:00,28.416666666666664,33.0,83.233,891.865
2022-08-17 00:00:00+00:00,23.25,29.833,83.667,892.482
2022-08-18 00:00:00+00:00,22.733333333333334,30.566,82.967,892.001
2022-08-19 00:00:00+00:00,21.44166666666667,31.634,80.733,890.083
2022-08-20 00:00:00+00:00,25.833333333333336,26.566,80.167,891.987
2022-08-21 00:00:00+00:00,13.691666666666666,27.6,77.367,894.255
2022-08-22 00:00:00+00:00,19.633333333333333,37.834,76.433,894.3
2022-08-23 00:00:00+00:00,17.308333333333334,34.766,76.834,895.42
2022-08-25 00:00:00+00:00,12.141666666666666,31.0,75.3,897.67
2022-08-26 00:00:00+00:00,16.275,34.067,75.566,895.55
2022-08-27 00:00:00+00:00,20.666666666666664,30.767,77.233,895.298
2022-08-28 00:00:00+00:00,22.21666666666667,26.534,78.8,896.101
2022-08-29 00:00:00+00:00,18.85833333333333,28.166,78.834,896.738
2022-08-30 00:00:00+00:00,18.341666666666665,26.0,80.0,897.863
2022-09-20 00:00:00+00:00,29.708333333333336,39.2,76.267,893.354
2022-09-21 00:00:00+00:00,34.65300429184549,29.867,74.934,892.864
2022-09-22 00:00:00+00:00,35.58390557939914,22.667,81.733,890.805
2022-09-23 00:00:00+00:00,32.94635193133047,59.5,65.133,894.554
2022-09-24 00:00:00+00:00,26.608333333333334,42.458,63.083,895.699
2022-09-25 00:00:00+00:00,3.1,39.934,63.534,898.111
2022-09-26 00:00:00+00:00,15.241666666666667,42.2,58.1,902.712
2022-09-27 00:00:00+00:00,19.116666666666667,35.267,60.7,899.521
2022-09-28 00:00:00+00:00,27.9,31.4,63.6,895.701
2023-01-15 00:00:00+00:00,116.59373024236038,47.534,35.1,903.628
2023-01-16 00:00:00+00:00,96.64095477386935,49.2,32.867,902.426
2023-01-17 00:00:00+00:00,114.09178082191781,47.6,38.2,902.32
2023-01-18 00:00:00+00:00,105.75194942044257,50.133,36.233,903.385
2023-01-19 00:00:00+00:00,91.62060301507537,47.1,36.233,905.385
2023-01-20 00:00:00+00:00,79.84874371859297,47.733,36.267,906.791
2023-01-21 00:00:00+00:00,98.71834170854271,46.966,36.666,904.442
2023-01-22 00:00:00+00:00,114.62249736564804,50.334,34.367,907.495
2023-01-23 00:00:00+00:00,74.65527638190954,49.267,31.233,907.834
2023-01-24 00:00:00+00:00,57.30493562231761,41.334,31.0,908.824
2023-01-25 00:00:00+00:00,67.38969957081545,44.034,29.7,906.36
2023-01-26 00:00:00+00:00,61.028540772532196,42.367,28.033,903.754
2023-01-27 00:00:00+00:00,68.5962311557789,39.5,27.934,903.105
2023-01-28 00:00:00+00:00,80.88743718592964,38.133,30.9,900.473
2023-01-29 00:00:00+00:00,156.1700210748156,59.767,37.067,895.844
2023-01-30 00:00:00+00:00,136.8367755532139,61.267,39.9,894.606
2023-01-31 00:00:00+00:00,115.45648050579557,59.4,40.034,890.994
2023-02-01 00:00:00+00:00,108.78461538461539,61.733,41.167,888.769
2023-02-02 00:00:00+00:00,103.55326659641729,56.3,41.433,889.913
2023-02-03 00:00:00+00:00,10.85,60.833,36.9,893.692
2023-02-04 00:00:00+00:00,29.19166666666667,44.166,27.667,900.407
2023-02-05 00:00:00+00:00,52.18497854077253,60.166,36.533,893.621
2023-02-06 00:00:00+00:00,105.60031612223393,62.633,39.6,891.566
2023-02-07 00:00:00+00:00,41.78991416309013,58.0,45.833,884.132
2023-02-08 00:00:00+00:00,18.341666666666665,54.067,39.7,889.626
2023-02-09 00:00:00+00:00,37.756008583690985,59.933,34.966,898.83
2023-02-10 00:00:00+00:00,35.73905579399142,47.167,31.9,906.558
2023-02-11 00:00:00+00:00,52.495278969957084,42.9,35.233,906.023
2023-02-12 00:00:00+00:00,53.115879828326186,43.067,29.033,902.869
2023-02-13 00:00:00+00:00,66.76909871244635,45.034,27.6,901.058
2023-02-14 00:00:00+00:00,7.75,36.767,27.0,904.202
2023-02-15 00:00:00+00:00,34.0324034334764,37.967,22.133,895.584
2023-02-18 00:00:00+00:00,41.47961373390558,38.034,27.733,904.484
2023-02-19 00:00:00+00:00,60.56309012875537,39.0,34.8,900.755
2023-02-20 00:00:00+00:00,54.667381974248926,38.733,45.5,899.889
2023-02-21 00:00:00+00:00,55.4431330472103,45.633,47.7,892.029
2023-02-22 00:00:00+00:00,20.925,36.633,46.3,893.776
2023-02-23 00:00:00+00:00,41.3244635193133,42.3,43.667,893.433
2023-02-24 00:00:00+00:00,7.75,53.567,41.3,896.028
2023-02-25 00:00:00+00:00,25.833333333333336,33.334,31.334,903.609
2023-02-26 00:00:00+00:00,76.73266331658292,42.6,39.1,903.358
2023-02-27 00:00:00+00:00,76.21331658291457,43.667,42.166,907.089
2023-02-28 00:00:00+00:00,67.54484978540772,43.2,40.8,907.106
2023-03-01 00:00:00+00:00,65.68304721030043,41.0,45.7,902.562
2023-03-02 00:00:00+00:00,108.02644889357217,39.633,49.8,897.215
2023-03-03 00:00:00+00:00,36.669957081545064,61.3,49.367,899.389
2023-03-04 00:00:00+00:00,81.406783919598,59.0,51.034,895.444
2023-03-05 00:00:00+00:00,69.98115577889448,48.1,54.534,895.241
2023-03-06 00:00:00+00:00,35.73905579399142,43.067,53.433,891.315
2023-03-07 00:00:00+00:00,10.333333333333332,39.267,51.9,892.616
2023-03-08 00:00:00+00:00,32.7912017167382,40.0,45.0,897.806
2023-03-09 00:00:00+00:00,39.46266094420601,34.567,50.7,892.838
2023-03-10 00:00:00+00:00,80.71432160804021,58.033,45.034,896.023
2023-03-11 00:00:00+00:00,74.30904522613065,48.733,49.867,897.904
2023-03-12 00:00:00+00:00,49.85772532188841,43.4,53.6,896.748
2023-03-13 00:00:00+00:00,45.51351931330473,40.666,51.033,894.971
2023-03-14 00:00:00+00:00,41.94506437768241,34.067,56.9,895.616
2023-03-15 00:00:00+00:00,43.496566523605146,40.2,58.834,895.582
2023-03-16 00:00:00+00:00,46.13412017167382,40.9,63.466,888.831
2023-03-17 00:00:00+00:00,15.758333333333333,61.166,55.233,891.898
2023-03-18 00:00:00+00:00,45.82381974248927,65.166,54.0,895.634
2023-03-19 00:00:00+00:00,34.808154506437766,42.6,52.667,893.865
2023-03-20 00:00:00+00:00,9.558333333333334,64.0,52.467,891.487
2023-03-21 00:00:00+00:00,21.44166666666667,48.533,51.033,889.962
2023-03-22 00:00:00+00:00,20.666666666666664,46.8,54.966,891.628
2023-03-23 00:00:00+00:00,55.28798283261803,53.0,50.667,895.899
2023-03-24 00:00:00+00:00,56.0637339055794,43.834,57.166,895.723
2023-03-25 00:00:00+00:00,46.44442060085837,44.9,57.9,894.76
2023-03-26 00:00:00+00:00,46.9098712446352,45.5,56.367,892.501
2023-03-27 00:00:00+00:00,28.675,57.4,60.833,889.284
2023-03-28 00:00:00+00:00,29.45,58.733,49.6,892.918
2023-03-29 00:00:00+00:00,21.958333333333336,34.466,58.1,891.769
2023-03-30 00:00:00+00:00,6.716666666666667,41.367,57.767,887.176
2023-03-31 00:00:00+00:00,8.266666666666667,36.1,49.334,889.601
2023-04-01 00:00:00+00:00,16.791666666666664,62.433,43.267,889.954
2023-04-02 00:00:00+00:00,55.28798283261803,58.0,44.567,892.885
2023-04-03 00:00:00+00:00,42.5656652360515,47.566,49.2,892.944
2023-04-04 00:00:00+00:00,34.34270386266095,52.166,54.7,897.702
2023-04-05 00:00:00+00:00,44.27231759656652,45.334,55.167,894.922
2023-04-06 00:00:00+00:00,35.73905579399142,54.534,58.466,890.563
2023-04-07 00:00:00+00:00,20.666666666666664,45.466,56.834,892.868
2023-04-08 00:00:00+00:00,14.466666666666665,49.066,55.966,892.633
2023-04-09 00:00:00+00:00,25.833333333333336,44.6,48.034,901.288
2023-04-10 00:00:00+00:00,29.45,36.3,56.967,898.859
2023-04-11 00:00:00+00:00,57.30493562231761,67.0,57.633,894.577
2023-04-12 00:00:00+00:00,36.669957081545064,54.934,61.567,887.928
2023-04-13 00:00:00+00:00,5.683333333333334,62.934,57.2,883.218
2023-04-14 00:00:00+00:00,11.366666666666667,50.567,51.0,892.91
2023-06-09 00:00:00+00:00,23.25,43.467,70.966,897.682
2023-06-10 00:00:00+00:00,22.21666666666667,45.8,71.767,893.231
2023-06-11 00:00:00+00:00,33.101502145922744,53.133,69.0,892.721
2023-06-12 00:00:00+00:00,21.44166666666667,47.2,67.867,891.568
2023-06-13 00:00:00+00:00,24.025,37.466,76.6,889.842
2023-06-14 00:00:00+00:00,24.025,40.9,71.233,890.66
2023-06-15 00:00:00+00:00,26.35,42.533,69.733,891.762
2023-06-19 00:00:00+00:00,15.758333333333333,42.433,67.0,891.834
2023-06-20 00:00:00+00:00,20.666666666666664,43.9,74.5,889.035
2023-06-21 00:00:00+00:00,20.666666666666664,42.666,73.567,892.857
2023-06-22 00:00:00+00:00,10.591666666666665,46.3,72.067,894.589
2023-06-23 00:00:00+00:00,3.6166666666666663,48.1,68.166,897.019
2023-06-24 00:00:00+00:00,39.152360515021456,67.367,67.267,898.236
2023-06-25 00:00:00+00:00,16.275,43.666,68.334,897.651
2023-06-26 00:00:00+00:00,21.18333333333333,42.733,72.167,893.257
2023-06-27 00:00:00+00:00,13.433333333333334,40.375,76.0,888.909
2023-06-28 00:00:00+00:00,12.658333333333335,55.483,72.667,893.24
2023-06-29 00:00:00+00:00,19.89166666666667,42.433,75.867,892.798
2023-06-30 00:00:00+00:00,25.05833333333333,46.4,72.267,891.617
2023-07-01 00:00:00+00:00,9.816666666666666,40.966,68.466,891.192
2023-07-02 00:00:00+00:00,14.725,42.0,69.7,895.183
2023-07-03 00:00:00+00:00,15.241666666666667,42.833,74.5,894.505
2023-07-04 00:00:00+00:00,22.733333333333334,39.8,78.0,895.494
2023-07-05 00:00:00+00:00,21.44166666666667,45.767,74.467,896.701
2023-07-06 00:00:00+00:00,20.925,41.811,75.0,895.774
2023-07-07 00:00:00+00:00,18.85833333333333,38.0,76.733,895.726
2023-07-08 00:00:00+00:00,20.925,37.067,80.0,890.459
2023-07-09 00:00:00+00:00,34.808154506437766,43.8,77.233,888.677
2023-07-10 00:00:00+00:00,25.833333333333336,38.067,79.0,889.642
2023-07-11 00:00:00+00:00,4.908333333333333,49.9,71.8,892.067
2023-07-12 00:00:00+00:00,21.7,47.933,65.9,900.339
2023-07-13 00:00:00+00:00,18.6,40.834,71.566,899.79
2023-07-14 00:00:00+00:00,17.049999999999997,35.9,74.567,897.495
2023-07-15 00:00:00+00:00,20.925,35.6,76.633,894.301
2023-07-16 00:00:00+00:00,24.025,36.567,76.534,894.37
2023-07-20 00:00:00+00:00,20.925,36.933,75.1,893.362
2023-07-21 00:00:00+00:00,30.741666666666667,41.433,79.433,893.109
2023-07-22 00:00:00+00:00,25.31666666666667,37.233,80.466,894.949
2023-07-23 00:00:00+00:00,25.833333333333336,42.933,81.966,895.391
2023-07-24 00:00:00+00:00,25.31666666666667,39.466,82.034,890.875
2023-07-25 00:00:00+00:00,10.85,40.333,77.633,890.941
2023-07-26 00:00:00+00:00,32.94635193133047,43.033,74.034,894.101
2023-07-27 00:00:00+00:00,30.483333333333334,44.133,76.466,895.329
2023-07-28 00:00:00+00:00,30.483333333333334,36.767,80.733,891.183
2023-07-29 00:00:00+00:00,6.975,42.166,76.5,892.75
2023-07-30 00:00:00+00:00,16.275,39.4,79.0,890.477
2023-07-31 00:00:00+00:00,14.466666666666665,40.834,78.966,891.062
2023-08-01 00:00:00+00:00,27.641666666666666,34.2,79.8,891.773
2023-08-02 00:00:00+00:00,25.05833333333333,39.3,81.433,892.158
2023-08-03 00:00:00+00:00,28.416666666666664,36.7,82.933,892.177
2023-08-04 00:00:00+00:00,27.641666666666666,39.133,82.067,891.271
2023-08-05 00:00:00+00:00,13.691666666666666,42.7,76.367,895.504
2023-08-06 00:00:00+00:00,22.733333333333334,35.766,78.767,895.728
2023-08-07 00:00:00+00:00,24.025,39.233,82.867,892.452
2023-08-08 00:00:00+00:00,31.705150214592273,39.1,80.034,892.915
2023-08-09 00:00:00+00:00,31.0,39.767,82.7,894.805
2023-08-10 00:00:00+00:00,32.01545064377682,38.0,83.9,896.976
2023-08-11 00:00:00+00:00,32.636051502145925,35.834,86.4,897.112
2023-08-12 00:00:00+00:00,31.0,33.4,87.5,896.898
2023-08-13 00:00:00+00:00,36.51480686695279,32.367,84.166,898.389
2023-08-14 00:00:00+00:00,30.483333333333334,31.7,82.334,900.556
2023-08-15 00:00:00+00:00,21.44166666666667,32.834,81.467,900.515
2023-08-18 00:00:00+00:00,24.8,33.066,79.933,894.568
2023-08-19 00:00:00+00:00,15.758333333333333,27.034,78.2,894.898
2023-08-20 00:00:00+00:00,24.8,36.2,77.934,895.793
2023-08-21 00:00:00+00:00,21.7,37.133,78.1,896.495
2023-08-22 00:00:00+00:00,25.575,34.2,78.8,894.478
2023-08-23 00:00:00+00:00,21.958333333333336,33.6,80.466,896.491
2023-08-24 00:00:00+00:00,22.21666666666667,34.133,80.9,894.516
2023-08-25 00:00:00+00:00,28.93333333333333,40.6,78.567,892.012
2023-08-26 00:00:00+00:00,15.241666666666667,38.367,73.0,894.846
2023-08-27 00:00:00+00:00,20.666666666666664,39.5,72.633,896.256
2023-08-28 00:00:00+00:00,33.56695278969957,44.233,74.166,892.625
2023-08-29 00:00:00+00:00,34.18755364806867,37.8,77.034,886.224
2023-08-30 00:00:00+00:00,43.03111587982833,44.567,72.567,891.763
2023-08-31 00:00:00+00:00,30.741666666666667,44.166,72.166,897.48
2023-09-01 00:00:00+00:00,32.325751072961374,36.1,76.834,897.176
2023-09-02 00:00:00+00:00,32.325751072961374,35.8,79.5,896.001
2023-09-03 00:00:00+00:00,31.55,40.6,80.0,895.311
2023-09-04 00:00:00+00:00,29.96666666666667,45.767,77.067,893.193
2023-09-05 00:00:00+00:00,36.980257510729615,29.466,75.5,895.716
2023-09-06 00:00:00+00:00,38.37660944206009,34.0,76.367,896.472
2023-09-07 00:00:00+00:00,36.980257510729615,37.834,79.0,894.628
2023-09-08 00:00:00+00:00,32.1706008583691,41.833,76.8,894.184
2023-09-09 00:00:00+00:00,13.691666666666666,42.3,72.966,892.905
2023-09-10 00:00:00+00:00,14.983333333333334,48.267,67.133,892.071
2023-09-11 00:00:00+00:00,20.925,39.7,62.433,895.173
2023-09-12 00:00:00+00:00,24.541666666666664,47.867,66.6,894.157
2023-09-13 00:00:00+00:00,46.13412017167382,65.567,64.4,897.654
2023-09-14 00:00:00+00:00,9.041666666666668,51.633,62.1,898.371
2023-09-15 00:00:00+00:00,26.866666666666667,45.2,65.4,899.169
2023-09-16 00:00:00+00:00,25.833333333333336,40.934,66.233,898.828
2023-09-17 00:00:00+00:00,24.8,39.834,68.934,896.345
2023-09-19 00:00:00+00:00,13.95,40.434,64.133,899.25
2023-09-20 00:00:00+00:00,20.666666666666664,48.433,63.433,901.671
2023-09-21 00:00:00+00:00,32.325751072961374,44.867,68.534,899.659
2023-09-22 00:00:00+00:00,31.705150214592273,41.067,68.967,900.92
2023-09-23 00:00:00+00:00,33.411802575107295,44.266,68.7,901.353
2023-09-24 00:00:00+00:00,21.7,45.8,70.133,900.501
2023-09-25 00:00:00+00:00,17.566666666666666,43.034,67.166,898.784
2023-09-26 00:00:00+00:00,34.65300429184549,53.234,68.133,899.339
2023-09-27 00:00:00+00:00,34.96330472103004,49.334,61.933,902.243
2023-09-28 00:00:00+00:00,35.11845493562232,45.4,64.8,902.135
2023-09-29 00:00:00+00:00,44.73776824034336,39.4,68.0,899.993
2023-09-30 00:00:00+00:00,41.47961373390558,40.533,69.6,897.464
2023-10-01 00:00:00+00:00,41.63476394849786,43.133,66.933,895.621
2023-10-02 00:00:00+00:00,17.566666666666666,57.166,65.767,895.142
2023-10-03 00:00:00+00:00,29.96666666666667,58.7,65.833,895.87
2023-10-04 00:00:00+00:00,30.483333333333334,64.667,61.9,900.77
2023-10-05 00:00:00+00:00,33.87725321888412,68.0,55.233,902.983
2023-10-06 00:00:00+00:00,32.325751072961374,51.966,54.9,902.837
2023-10-07 00:00:00+00:00,27.9,48.0,57.1,899.525
2023-10-08 00:00:00+00:00,28.93333333333333,46.0,56.966,901.636
2023-10-09 00:00:00+00:00,36.35965665236051,47.966,57.167,896.081
2023-10-10 00:00:00+00:00,15.241666666666667,42.033,59.767,897.262
2023-10-11 00:00:00+00:00,19.89166666666667,48.667,58.567,897.19
2023-10-12 00:00:00+00:00,28.416666666666664,46.334,54.666,903.599
2023-10-13 00:00:00+00:00,20.40833333333333,45.433,61.166,904.852
2023-10-14 00:00:00+00:00,41.94506437768241,45.334,54.933,901.527
2023-10-15 00:00:00+00:00,44.11716738197425,42.966,58.467,900.566
2023-10-16 00:00:00+00:00,37.60085836909872,38.166,63.733,891.667
2023-10-17 00:00:00+00:00,75.86708542713568,59.6,59.034,895.064
2023-10-18 00:00:00+00:00,44.42746781115879,49.567,61.966,898.444
2023-10-19 00:00:00+00:00,52.80557939914163,67.466,60.1,896.294
2023-10-20 00:00:00+00:00,36.35965665236051,62.1,49.867,902.309
2023-10-21 00:00:00+00:00,37.44570815450644,55.5,51.333,902.287
2023-10-22 00:00:00+00:00,45.978969957081546,52.933,54.133,901.965
2023-10-23 00:00:00+00:00,43.96201716738197,50.4,57.0,904.337
2023-10-24 00:00:00+00:00,50.78862660944206,47.267,59.167,899.019
2023-10-25 00:00:00+00:00,51.87467811158798,48.466,60.9,897.962
2023-10-26 00:00:00+00:00,45.0480686695279,48.334,60.258,899.195
2023-10-27 00:00:00+00:00,48.46137339055794,50.0,59.8,899.053
2023-10-28 00:00:00+00:00,59.32188841201717,51.834,59.067,898.611
2023-10-29 00:00:00+00:00,53.271030042918454,48.033,60.067,899.051
2023-10-30 00:00:00+00:00,73.09723618090452,39.9,61.966,901.524
2023-10-31 00:00:00+00:00,44.42746781115879,43.4,60.666,906.922
2023-11-01 00:00:00+00:00,59.94248927038626,46.9,57.733,904.312
2023-11-02 00:00:00+00:00,77.59824120603015,47.433,57.709,900.474
2023-11-03 00:00:00+00:00,82.44547738693467,47.267,61.133,898.254
2023-11-04 00:00:00+00:00,77.4251256281407,63.0,58.9,898.135
2023-11-05 00:00:00+00:00,40.70386266094421,48.466,53.133,900.17
2023-11-06 00:00:00+00:00,49.39227467811159,48.0,53.933,898.283
2023-11-07 00:00:00+00:00,71.19296482412061,51.233,57.834,897.957
2023-11-08 00:00:00+00:00,26.866666666666667,33.133,51.0,903.79
2023-11-09 00:00:00+00:00,46.59957081545064,36.633,49.0,901.819
2023-11-10 00:00:00+00:00,62.269742489270385,45.967,52.633,898.676
2023-11-11 00:00:00+00:00,59.32188841201717,45.0,53.733,904.872
2023-11-12 00:00:00+00:00,78.1175879396985,50.5,52.567,904.511
2023-11-13 00:00:00+00:00,71.36608040201006,43.767,57.0,902.918
2023-11-14 00:00:00+00:00,67.23454935622318,41.967,56.933,899.31
2023-11-15 00:00:00+00:00,43.1862660944206,63.166,58.267,896.935
2023-11-17 00:00:00+00:00,51.25407725321889,63.466,58.1,892.067
2023-11-18 00:00:00+00:00,36.04935622317596,48.767,50.867,898.058
2023-11-19 00:00:00+00:00,41.16931330472103,44.767,55.633,892.794
2023-11-20 00:00:00+00:00,20.666666666666664,42.566,62.633,883.728
2023-11-21 00:00:00+00:00,24.28333333333333,57.534,48.4,885.967
2023-11-22 00:00:00+00:00,8.783333333333333,40.4,47.9,900.636
2023-11-23 00:00:00+00:00,48.30622317596567,49.166,41.666,901.934
2023-11-24 00:00:00+00:00,60.718240343347645,46.234,47.0,894.973
2023-11-25 00:00:00+00:00,60.25278969957081,53.034,47.433,895.583
2023-11-26 00:00:00+00:00,63.66609442060086,45.5,52.8,891.334
2023-11-27 00:00:00+00:00,23.766666666666666,34.034,60.633,885.959
2023-11-29 00:00:00+00:00,41.47961373390558,40.166,36.966,902.355
2023-11-30 00:00:00+00:00,61.18369098712447,46.1,39.933,902.534
2023-12-01 00:00:00+00:00,46.9098712446352,41.933,41.633,903.764
2023-12-02 00:00:00+00:00,69.63492462311558,49.5,41.833,903.793
2023-12-03 00:00:00+00:00,65.06244635193133,48.034,42.0,903.947
2023-12-04 00:00:00+00:00,93.87110552763818,45.433,43.1,904.486
2023-12-05 00:00:00+00:00,77.7713567839196,43.567,42.467,903.645
2023-12-06 00:00:00+00:00,160.49157007376186,45.8,50.633,900.668
2023-12-07 00:00:00+00:00,110.37676501580611,59.367,49.8,896.226
2023-12-08 00:00:00+00:00,68.94246231155779,49.733,50.666,899.878
2023-12-09 00:00:00+00:00,58.235836909871246,50.133,48.666,900.381
2023-12-10 00:00:00+00:00,135.01717597471023,62.633,50.3,897.429
2023-12-11 00:00:00+00:00,46.13412017167382,55.034,45.333,902.652
2023-12-12 00:00:00+00:00,72.40477386934673,46.067,52.8,900.005
2023-12-13 00:00:00+00:00,124.554478398314,65.533,50.733,892.993
2023-12-14 00:00:00+00:00,89.8894472361809,60.367,50.133,894.718
2023-12-15 00:00:00+00:00,45.82381974248927,55.166,41.334,902.783
2023-12-16 00:00:00+00:00,63.20064377682404,55.433,42.0,906.824
2023-12-17 00:00:00+00:00,80.19497487437185,56.3,40.2,902.796
2023-12-18 00:00:00+00:00,8.008333333333335,45.233,35.2,906.938
2023-12-19 00:00:00+00:00,41.3244635193133,45.767,31.833,906.169
2023-12-20 00:00:00+00:00,52.34012875536481,48.7,31.934,907.322
2023-12-21 00:00:00+00:00,77.94447236180905,49.8,32.633,904.913
2023-12-22 00:00:00+00:00,116.6695468914647,50.534,39.267,894.498
2023-12-23 00:00:00+00:00,179.5328828828829,60.3,42.967,887.591
2023-12-24 00:00:00+00:00,30.741666666666667,60.034,36.233,888.575
2023-12-25 00:00:00+00:00,4.391666666666667,34.733,39.733,894.323
2023-12-26 00:00:00+00:00,32.94635193133047,43.633,49.6,899.15
2023-12-27 00:00:00+00:00,54.51223175965666,52.166,45.5,905.072
2023-12-28 00:00:00+00:00,58.235836909871246,54.133,43.267,900.024
2023-12-29 00:00:00+00:00,21.7,35.733,42.133,905.407
2023-12-30 00:00:00+00:00,42.5656652360515,41.966,38.2,905.606
2023-12-31 00:00:00+00:00,66.4587982832618,48.0,37.9,902.677
2024-01-01 00:00:00+00:00,91.10125628140705,48.4,37.7,902.332
2024-01-02 00:00:00+00:00,64.28669527896997,48.0,38.0,903.288
2024-01-03 00:00:00+00:00,89.8894472361809,48.166,41.233,895.5
2024-01-04 00:00:00+00:00,94.73668341708543,53.434,42.233,896.547
2024-01-05 00:00:00+00:00,55.28798283261803,56.033,46.233,895.113
2024-01-06 00:00:00+00:00,33.87725321888412,56.5,45.233,896.705
2024-01-07 00:00:00+00:00,27.641666666666666,45.7,37.633,905.436
2024-01-08 00:00:00+00:00,45.668669527896995,46.3,40.0,900.709
2024-01-09 00:00:00+00:00,64.28669527896997,45.3,48.534,897.361
2024-01-10 00:00:00+00:00,63.97639484978541,48.433,49.233,893.337
2024-01-11 00:00:00+00:00,65.99334763948497,56.533,49.0,897.096
2024-01-12 00:00:00+00:00,54.977682403433484,61.933,45.767,889.293
2024-01-13 00:00:00+00:00,31.860300429184548,63.267,43.933,884.698
2024-01-14 00:00:00+00:00,32.01545064377682,46.767,39.6,890.398
2024-01-15 00:00:00+00:00,47.68562231759657,55.133,33.0,898.506
2024-01-18 00:00:00+00:00,89.71633165829145,56.933,46.566,901.121
2024-01-19 00:00:00+00:00,71.01984924623116,52.034,43.267,902.331
2024-01-20 00:00:00+00:00,88.67763819095478,53.8,44.133,901.177
2024-01-21 00:00:00+00:00,93.87110552763818,52.7,47.2,900.796
2024-01-22 00:00:00+00:00,78.81005025125629,57.466,50.967,897.767
2024-01-23 00:00:00+00:00,6.716666666666667,65.067,40.167,901.045
2024-01-24 00:00:00+00:00,59.787339055794,61.966,39.966,896.24
2024-01-25 00:00:00+00:00,22.991666666666667,57.0,35.966,900.833
2024-01-26 00:00:00+00:00,106.81338250790307,59.534,32.7,897.978
2024-01-27 00:00:00+00:00,134.03155953635405,59.5,35.9,890.125
2024-01-28 00:00:00+00:00,92.31306532663316,57.633,35.034,895.096
2024-01-29 00:00:00+00:00,50.78862660944206,48.133,33.367,900.931
2024-01-30 00:00:00+00:00,104.23561643835617,58.567,35.8,905.416
2024-01-31 00:00:00+00:00,45.978969957081546,47.6,29.334,907.911
2024-02-01 00:00:00+00:00,69.63492462311558,48.733,26.733,904.704
2024-02-02 00:00:00+00:00,89.37010050251257,49.466,25.767,898.924
2024-02-03 00:00:00+00:00,106.35848261327713,49.0,27.1,899.273
2024-02-04 00:00:00+00:00,142.3713909378293,57.9,37.0,899.55
2024-02-05 00:00:00+00:00,122.35579557428872,53.933,39.067,895.102
2024-02-06 00:00:00+00:00,50.16802575107296,50.933,41.933,890.03
2024-02-07 00:00:00+00:00,26.608333333333334,44.6,50.0,895.619
2024-02-08 00:00:00+00:00,54.04678111587984,51.967,42.567,900.76
2024-02-09 00:00:00+00:00,56.37403433476395,50.534,47.766,898.255
2024-02-10 00:00:00+00:00,47.99592274678112,49.933,46.966,899.988
2024-02-11 00:00:00+00:00,53.581330472103005,50.433,43.166,903.157
2024-02-12 00:00:00+00:00,65.99334763948497,47.2,44.1,904.769
2024-02-13 00:00:00+00:00,58.54613733905579,45.334,44.966,901.23
2024-02-14 00:00:00+00:00,70.5005025125628,43.233,48.0,897.589
2024-02-15 00:00:00+00:00,74.30904522613065,52.633,54.2,893.474
2024-02-17 00:00:00+00:00,50.78862660944206,58.7,49.834,895.08
2024-02-18 00:00:00+00:00,70.15427135678392,56.667,47.8,897.003
2024-02-19 00:00:00+00:00,7.491666666666667,42.067,48.3,898.663
2024-02-20 00:00:00+00:00,54.20193133047211,44.767,46.933,898.002
2024-02-21 00:00:00+00:00,40.39356223175966,42.758,44.0,900.74
2024-02-22 00:00:00+00:00,80.19497487437185,44.867,47.666,900.067
2024-02-23 00:00:00+00:00,41.47961373390558,51.367,49.0,898.149
2024-02-24 00:00:00+00:00,39.92811158798283,50.4,41.767,903.532
2024-02-25 00:00:00+00:00,20.15,39.966,40.133,902.572
2024-02-26 00:00:00+00:00,14.725,38.267,34.933,906.289
2024-02-27 00:00:00+00:00,33.25665236051502,40.334,32.9,903.89
2024-02-28 00:00:00+00:00,25.833333333333336,34.966,31.933,904.16
2024-02-29 00:00:00+00:00,46.59957081545064,35.3,33.4,905.601
2024-03-01 00:00:00+00:00,77.25201005025127,36.067,35.133,904.141
2024-03-02 00:00:00+00:00,73.09723618090452,34.334,38.9,900.613
2024-03-03 00:00:00+00:00,91.44748743718593,37.0,39.8,894.571
2024-03-04 00:00:00+00:00,87.98517587939699,35.867,46.633,893.541
2024-03-05 00:00:00+00:00,62.11459227467812,37.7,48.667,894.889
2024-03-06 00:00:00+00:00,105.90358271865121,41.067,48.5,894.543
2024-03-07 00:00:00+00:00,49.85772532188841,50.034,50.833,891.422
2024-03-08 00:00:00+00:00,35.42875536480687,59.633,42.055,893.595
2024-03-09 00:00:00+00:00,53.42618025751073,46.4,43.166,894.266
2024-03-10 00:00:00+00:00,55.28798283261803,42.666,47.966,892.578
2024-03-11 00:00:00+00:00,51.87467811158798,46.4,45.4,899.137
2024-03-12 00:00:00+00:00,56.0637339055794,41.7,40.867,903.154
2024-03-13 00:00:00+00:00,64.75214592274678,37.45,42.0,902.013
2024-03-14 00:00:00+00:00,52.65042918454936,38.034,46.9,899.417
2024-03-15 00:00:00+00:00,68.5962311557789,37.933,55.1,895.399
2024-04-30 00:00:00+00:00,28.93333333333333,33.633,69.1,898.054
2024-05-01 00:00:00+00:00,27.9,37.9,69.067,895.386
2024-05-02 00:00:00+00:00,25.833333333333336,38.7,70.434,890.399
2024-05-03 00:00:00+00:00,20.666666666666664,66.267,64.867,885.466
2024-05-04 00:00:00+00:00,16.791666666666664,64.434,61.334,885.793
2024-05-05 00:00:00+00:00,25.833333333333336,61.4,59.834,887.974
2024-05-06 00:00:00+00:00,11.625,61.967,54.966,891.822
2024-05-07 00:00:00+00:00,26.608333333333334,66.3,57.5,891.59
2024-05-08 00:00:00+00:00,22.21666666666667,56.466,58.833,893.002
2024-05-09 00:00:00+00:00,17.308333333333334,55.2,55.867,899.565
2024-05-10 00:00:00+00:00,14.725,46.666,62.4,897.101
2024-05-11 00:00:00+00:00,29.96666666666667,49.933,60.1,899.238
2024-05-12 00:00:00+00:00,12.658333333333335,64.933,58.8,892.713
2024-05-13 00:00:00+00:00,22.21666666666667,59.867,60.733,889.782
2024-05-14 00:00:00+00:00,27.9,64.934,59.0,889.893
2024-05-15 00:00:00+00:00,7.2333333333333325,57.4,56.4,896.656
2024-05-16 00:00:00+00:00,33.87725321888412,61.633,57.6,898.336
2024-05-17 00:00:00+00:00,46.59957081545064,65.034,56.834,897.639
2024-05-18 00:00:00+00:00,13.175,36.0,52.633,897.23
2024-05-19 00:00:00+00:00,14.725,42.966,55.567,896.11
2024-05-20 00:00:00+00:00,24.28333333333333,48.5,57.0,895.866
2024-05-21 00:00:00+00:00,18.341666666666665,41.466,63.466,896.678
2024-05-22 00:00:00+00:00,36.82510729613734,50.466,61.233,898.315
2024-05-23 00:00:00+00:00,35.11845493562232,50.534,59.067,896.449
2024-05-24 00:00:00+00:00,19.633333333333333,52.1,64.4,894.096
2024-05-25 00:00:00+00:00,20.15,56.433,62.167,895.898
2024-05-26 00:00:00+00:00,10.075,64.867,59.267,894.444
2024-05-27 00:00:00+00:00,32.636051502145925,58.733,59.367,896.541
2024-05-28 00:00:00+00:00,20.925,55.566,64.9,898.455
2024-05-29 00:00:00+00:00,22.475,47.767,69.0,895.67
2024-05-30 00:00:00+00:00,36.20450643776824,48.1,69.133,896.235
2024-05-31 00:00:00+00:00,32.325751072961374,43.733,71.966,896.496
2024-06-01 00:00:00+00:00,36.82510729613734,48.334,69.2,894.708
2024-06-02 00:00:00+00:00,24.541666666666664,47.934,65.067,900.0
2024-06-03 00:00:00+00:00,17.825000000000003,43.733,69.034,900.073
2024-06-04 00:00:00+00:00,20.925,44.1,71.267,899.318
2024-06-05 00:00:00+00:00,30.225,42.1,69.467,899.4
2024-06-06 00:00:00+00:00,28.15833333333333,42.633,70.666,897.387
2024-06-07 00:00:00+00:00,22.991666666666667,35.7,74.3,896.742
2024-06-08 00:00:00+00:00,19.116666666666667,40.166,73.4,894.258
2024-06-09 00:00:00+00:00,34.0324034334764,57.466,67.733,894.563
2024-06-10 00:00:00+00:00,33.101502145922744,51.133,68.7,893.712
2024-06-11 00:00:00+00:00,33.25665236051502,48.1,69.0,895.19
2024-06-12 00:00:00+00:00,27.125,44.8,68.966,895.42
2024-06-13 00:00:00+00:00,27.383333333333333,41.767,72.6,896.678
2024-06-14 00:00:00+00:00,23.508333333333333,43.7,72.133,895.425
2024-06-15 00:00:00+00:00,26.35,39.867,72.267,893.554
2024-06-16 00:00:00+00:00,25.833333333333336,36.9,74.433,892.291
2024-06-17 00:00:00+00:00,29.19166666666667,40.666,76.2,896.193
2024-06-18 00:00:00+00:00,31.0,40.166,79.267,896.644
2024-06-19 00:00:00+00:00,34.0324034334764,39.934,73.867,898.932
2024-06-20 00:00:00+00:00,27.383333333333333,32.966,76.633,898.065
2024-06-21 00:00:00+00:00,21.958333333333336,46.033,71.566,895.333
2024-06-22 00:00:00+00:00,20.15,41.067,75.0,892.777
2024-06-23 00:00:00+00:00,17.825000000000003,36.666,72.367,892.12
2024-06-24 00:00:00+00:00,27.125,44.0,75.5,892.716
2024-06-25 00:00:00+00:00,28.93333333333333,37.933,76.4,892.279
